{
  "run_id": "c691c6f7ca3c478cac3be01b2a676e42",
  "task_label": "fts-matrix-milvus-hotpotqa-large-ids-mathgt-20260621T150656Z",
  "results": [
    {
      "metrics": {
        "max_load_count": 0,
        "insert_duration": 116.4104,
        "optimize_duration": 185.7137,
        "load_duration": 302.1242,
        "qps": 784.9749,
        "serial_latency_p99": 0.0672,
        "serial_latency_p95": 0.045,
        "recall": 0.9127,
        "ndcg": 0.0,
        "conc_num_list": [
          1,
          10,
          20,
          40,
          60,
          80
        ],
        "conc_qps_list": [
          46.2159,
          477.6217,
          745.7581,
          776.9463,
          781.7123,
          784.9749
        ],
        "conc_latency_p99_list": [
          0.07180697880685308,
          0.06767764743417502,
          0.07747005189303306,
          0.11004311475902795,
          0.1370455101691187,
          0.16894973011221742
        ],
        "conc_latency_p95_list": [
          0.04621713915839789,
          0.04568923753686249,
          0.053692433121614154,
          0.08636052850633859,
          0.1145395888714119,
          0.14078623289242387
        ],
        "conc_latency_avg_list": [
          0.021630600018358384,
          0.020909791674769067,
          0.026745142114158328,
          0.05116672849545518,
          0.07598714330312985,
          0.1002955313358785
        ],
        "payload_profile": "ids_only",
        "payload_estimated_bytes_per_query": 2000,
        "inserted_count": null,
        "insert_rows_per_second": 0.0,
        "insert_completion_seconds": 0.0,
        "searchable_after_insert_seconds": 0.0,
        "indexed_after_searchable_seconds": 0.0,
        "additional_parameters": {},
        "st_ideal_insert_duration": 0,
        "st_search_stage_list": [],
        "st_search_time_list": [],
        "st_max_qps_list_list": [],
        "st_recall_list": [],
        "st_ndcg_list": [],
        "st_serial_latency_p99_list": [],
        "st_serial_latency_p95_list": [],
        "st_conc_failed_rate_list": [],
        "st_conc_num_list_list": [],
        "st_conc_qps_list_list": [],
        "st_conc_latency_p99_list_list": [],
        "st_conc_latency_p95_list_list": [],
        "st_conc_latency_avg_list_list": []
      },
      "task_config": {
        "db": "Milvus",
        "db_config": {
          "db_label": "2026-06-21T15:43:13.083006",
          "version": "",
          "note": "",
          "uri": "**********",
          "user": null,
          "password": null,
          "num_shards": 1,
          "replica_number": 1
        },
        "db_case_config": {
          "index_type": "SPARSE_INVERTED_INDEX",
          "metric_type": "BM25",
          "inverted_index_algo": "DAAT_MAXSCORE",
          "bm25_k1": null,
          "bm25_b": null,
          "analyzer_tokenizer": "standard",
          "analyzer_enable_lowercase": true,
          "analyzer_max_token_length": 40,
          "analyzer_stop_words": null,
          "drop_ratio_search": null
        },
        "case_config": {
          "case_id": 503,
          "custom_case": {
            "dataset_with_size_type": "HotpotQA Large (5.2M documents)",
            "payload_profile": "ids_only"
          },
          "k": 100,
          "concurrency_search_config": {
            "num_concurrency": [
              1,
              10,
              20,
              40,
              60,
              80
            ],
            "concurrency_duration": 30,
            "concurrency_timeout": 3600
          }
        },
        "stages": [
          "drop_old",
          "load",
          "search_serial",
          "search_concurrent"
        ],
        "load_concurrency": 0
      },
      "label": ":)"
    }
  ],
  "file_fmt": "result_{}_{}_{}.json",
  "timestamp": 1782000000.0
}
