{
  "run_id": "97af4b395c6d4274be97e8b1cbc58d54",
  "task_label": "fts-milvus-hotpotqa-small-ids_only-20260622T163731Z",
  "results": [
    {
      "metrics": {
        "max_load_count": 0,
        "insert_duration": 1.94,
        "optimize_duration": 15.635,
        "load_duration": 17.575,
        "qps": 11293.0072,
        "serial_latency_p99": 0.0028,
        "serial_latency_p95": 0.0023,
        "recall": 0.9219,
        "ndcg": 0.0,
        "conc_num_list": [
          1,
          10,
          20,
          40,
          60,
          80
        ],
        "conc_qps_list": [
          592.7316,
          5415.421,
          8866.7294,
          10426.457,
          11137.4899,
          11293.0072
        ],
        "conc_latency_p99_list": [
          0.0028200135007500657,
          0.003117373222485184,
          0.004264536686241623,
          0.008457160391844807,
          0.012037965459749103,
          0.015228439774364227
        ],
        "conc_latency_p95_list": [
          0.0023191589862108226,
          0.0025239682290703063,
          0.003293447988107799,
          0.006498350552283227,
          0.009217835636809467,
          0.011474243830889463
        ],
        "conc_latency_avg_list": [
          0.0016855078537366013,
          0.001843162153889163,
          0.0022476963405934076,
          0.003803614075186584,
          0.005302947989993902,
          0.0069134275921567305
        ],
        "payload_profile": "ids_only",
        "payload_estimated_bytes_per_query": 2000,
        "inserted_count": 100000,
        "insert_rows_per_second": 0.0,
        "insert_completion_seconds": 0.0,
        "searchable_after_insert_seconds": 0.0,
        "indexed_after_searchable_seconds": 0.0,
        "additional_parameters": {
          "num_per_batch": 1000,
          "load_concurrency": 0,
          "fts_manifest": {
            "bm25": {
              "k1": 1.2,
              "b": 0.75,
              "avgdl": 56.88413
            },
            "analyzer": {
              "filter": [
                "lowercase"
              ],
              "tokenizer": "standard"
            }
          },
          "applied_bm25_params": {
            "k1": 1.2,
            "b": 0.75
          },
          "unapplied_bm25_params": {
            "avgdl": 56.88413
          },
          "applied_analyzer_params": {
            "filter": [
              "lowercase"
            ],
            "tokenizer": "standard"
          },
          "unapplied_analyzer_params": {}
        },
        "st_ideal_insert_duration": 0,
        "st_search_stage_list": [],
        "st_search_time_list": [],
        "st_max_qps_list_list": [],
        "st_recall_list": [],
        "st_ndcg_list": [],
        "st_serial_latency_p99_list": [],
        "st_serial_latency_p95_list": [],
        "st_conc_failed_rate_list": [],
        "st_conc_num_list_list": [],
        "st_conc_qps_list_list": [],
        "st_conc_latency_p99_list_list": [],
        "st_conc_latency_p95_list_list": [],
        "st_conc_latency_avg_list_list": []
      },
      "task_config": {
        "db": "Milvus",
        "db_config": {
          "db_label": "2026-06-22T16:37:32.441467",
          "version": "",
          "note": "",
          "uri": "**********",
          "user": null,
          "password": null,
          "num_shards": 1,
          "replica_number": 1
        },
        "db_case_config": {
          "index_type": "SPARSE_INVERTED_INDEX",
          "metric_type": "BM25",
          "inverted_index_algo": "DAAT_MAXSCORE",
          "bm25_k1": 1.2,
          "bm25_b": 0.75,
          "analyzer_tokenizer": "standard",
          "analyzer_enable_lowercase": true,
          "analyzer_max_token_length": null,
          "analyzer_stop_words": null,
          "drop_ratio_search": null
        },
        "case_config": {
          "case_id": 503,
          "custom_case": {
            "dataset_with_size_type": "HotpotQA Small (100K documents)",
            "payload_profile": "ids_only"
          },
          "k": 100,
          "concurrency_search_config": {
            "num_concurrency": [
              1,
              10,
              20,
              40,
              60,
              80
            ],
            "concurrency_duration": 30,
            "concurrency_timeout": 3600
          }
        },
        "stages": [
          "drop_old",
          "load",
          "search_serial",
          "search_concurrent"
        ],
        "load_concurrency": 0
      },
      "label": ":)"
    }
  ],
  "file_fmt": "result_{}_{}_{}.json",
  "timestamp": 1782086400.0
}
