{
  "run_id": "2e63b0c547474c15b65af6de78c524f1",
  "task_label": "fts-milvus-msmarco-small-text-20260622T160910Z",
  "results": [
    {
      "metrics": {
        "max_load_count": 0,
        "insert_duration": 0.0,
        "optimize_duration": 0.0,
        "load_duration": 0.0,
        "qps": 10706.5437,
        "serial_latency_p99": 0.0021,
        "serial_latency_p95": 0.0019,
        "recall": 0.988,
        "ndcg": 0.0,
        "conc_num_list": [
          1,
          10,
          20,
          40,
          60,
          80
        ],
        "conc_qps_list": [
          646.9131,
          5650.6141,
          9413.2845,
          10706.5437,
          10186.9325,
          9663.5806
        ],
        "conc_latency_p99_list": [
          0.0021211831923574212,
          0.0027390120923519133,
          0.0037948473356664144,
          0.007949256221763795,
          0.011173261022195215,
          0.013544507957994938
        ],
        "conc_latency_p95_list": [
          0.0018469756003469228,
          0.002175568602979183,
          0.0028890205547213543,
          0.0058705073315650225,
          0.008545241900719699,
          0.011257047276012597
        ],
        "conc_latency_avg_list": [
          0.0015441940969540737,
          0.001765914728091472,
          0.002117062423552688,
          0.0037021372544245486,
          0.005810214589474968,
          0.008090305235075075
        ],
        "payload_profile": "text",
        "payload_estimated_bytes_per_query": 53200,
        "inserted_count": 0,
        "insert_rows_per_second": 0.0,
        "insert_completion_seconds": 0.0,
        "searchable_after_insert_seconds": 0.0,
        "indexed_after_searchable_seconds": 0.0,
        "additional_parameters": {
          "fts_manifest": {
            "bm25": {
              "k1": 1.2,
              "b": 0.75,
              "avgdl": 55.01342
            },
            "analyzer": {
              "filter": [
                "lowercase"
              ],
              "tokenizer": "standard"
            }
          },
          "applied_bm25_params": {
            "k1": 1.2,
            "b": 0.75
          },
          "unapplied_bm25_params": {
            "avgdl": 55.01342
          },
          "applied_analyzer_params": {
            "filter": [
              "lowercase"
            ],
            "tokenizer": "standard"
          },
          "unapplied_analyzer_params": {}
        },
        "st_ideal_insert_duration": 0,
        "st_search_stage_list": [],
        "st_search_time_list": [],
        "st_max_qps_list_list": [],
        "st_recall_list": [],
        "st_ndcg_list": [],
        "st_serial_latency_p99_list": [],
        "st_serial_latency_p95_list": [],
        "st_conc_failed_rate_list": [],
        "st_conc_num_list_list": [],
        "st_conc_qps_list_list": [],
        "st_conc_latency_p99_list_list": [],
        "st_conc_latency_p95_list_list": [],
        "st_conc_latency_avg_list_list": []
      },
      "task_config": {
        "db": "Milvus",
        "db_config": {
          "db_label": "2026-06-22T16:09:10.806324",
          "version": "",
          "note": "",
          "uri": "**********",
          "user": null,
          "password": null,
          "num_shards": 1,
          "replica_number": 1
        },
        "db_case_config": {
          "index_type": "SPARSE_INVERTED_INDEX",
          "metric_type": "BM25",
          "inverted_index_algo": "DAAT_MAXSCORE",
          "bm25_k1": 1.2,
          "bm25_b": 0.75,
          "analyzer_tokenizer": "standard",
          "analyzer_enable_lowercase": true,
          "analyzer_max_token_length": null,
          "analyzer_stop_words": null,
          "drop_ratio_search": null
        },
        "case_config": {
          "case_id": 503,
          "custom_case": {
            "dataset_with_size_type": "MS MARCO Small (100K documents)",
            "payload_profile": "text"
          },
          "k": 100,
          "concurrency_search_config": {
            "num_concurrency": [
              1,
              10,
              20,
              40,
              60,
              80
            ],
            "concurrency_duration": 30,
            "concurrency_timeout": 3600
          }
        },
        "stages": [
          "search_serial",
          "search_concurrent"
        ],
        "load_concurrency": 0
      },
      "label": ":)"
    }
  ],
  "file_fmt": "result_{}_{}_{}.json",
  "timestamp": 1782086400.0
}
