{
  "run_id": "8978d42df75d4331aee9d5fd2fd17d91",
  "task_label": "fts-milvus-msmarco-medium-text-20260622T161857Z",
  "results": [
    {
      "metrics": {
        "max_load_count": 0,
        "insert_duration": 0.0,
        "optimize_duration": 0.0,
        "load_duration": 0.0,
        "qps": 7154.5953,
        "serial_latency_p99": 0.0057,
        "serial_latency_p95": 0.0042,
        "recall": 0.9896,
        "ndcg": 0.0,
        "conc_num_list": [
          1,
          10,
          20,
          40,
          60,
          80
        ],
        "conc_qps_list": [
          379.7747,
          3569.7919,
          5644.4231,
          6514.0585,
          6917.9623,
          7154.5953
        ],
        "conc_latency_p99_list": [
          0.005797753036022185,
          0.006019646767526865,
          0.007781660039909185,
          0.014466157089918847,
          0.019641714561730615,
          0.0247455572569743
        ],
        "conc_latency_p95_list": [
          0.004250553157180546,
          0.004489037208259106,
          0.0057949004229158165,
          0.011195118073374033,
          0.015598076255992053,
          0.019595625111833208
        ],
        "conc_latency_avg_list": [
          0.0026311682197420997,
          0.002797034313685711,
          0.0035341303711479157,
          0.006092242351138589,
          0.00855499418538254,
          0.010927426897476769
        ],
        "payload_profile": "text",
        "payload_estimated_bytes_per_query": 53200,
        "inserted_count": 0,
        "insert_rows_per_second": 0.0,
        "insert_completion_seconds": 0.0,
        "searchable_after_insert_seconds": 0.0,
        "indexed_after_searchable_seconds": 0.0,
        "additional_parameters": {
          "fts_manifest": {
            "bm25": {
              "k1": 1.2,
              "b": 0.75,
              "avgdl": 57.242324
            },
            "analyzer": {
              "filter": [
                "lowercase"
              ],
              "tokenizer": "standard"
            }
          },
          "applied_bm25_params": {
            "k1": 1.2,
            "b": 0.75
          },
          "unapplied_bm25_params": {
            "avgdl": 57.242324
          },
          "applied_analyzer_params": {
            "filter": [
              "lowercase"
            ],
            "tokenizer": "standard"
          },
          "unapplied_analyzer_params": {}
        },
        "st_ideal_insert_duration": 0,
        "st_search_stage_list": [],
        "st_search_time_list": [],
        "st_max_qps_list_list": [],
        "st_recall_list": [],
        "st_ndcg_list": [],
        "st_serial_latency_p99_list": [],
        "st_serial_latency_p95_list": [],
        "st_conc_failed_rate_list": [],
        "st_conc_num_list_list": [],
        "st_conc_qps_list_list": [],
        "st_conc_latency_p99_list_list": [],
        "st_conc_latency_p95_list_list": [],
        "st_conc_latency_avg_list_list": []
      },
      "task_config": {
        "db": "Milvus",
        "db_config": {
          "db_label": "2026-06-22T16:18:57.664889",
          "version": "",
          "note": "",
          "uri": "**********",
          "user": null,
          "password": null,
          "num_shards": 1,
          "replica_number": 1
        },
        "db_case_config": {
          "index_type": "SPARSE_INVERTED_INDEX",
          "metric_type": "BM25",
          "inverted_index_algo": "DAAT_MAXSCORE",
          "bm25_k1": 1.2,
          "bm25_b": 0.75,
          "analyzer_tokenizer": "standard",
          "analyzer_enable_lowercase": true,
          "analyzer_max_token_length": null,
          "analyzer_stop_words": null,
          "drop_ratio_search": null
        },
        "case_config": {
          "case_id": 503,
          "custom_case": {
            "dataset_with_size_type": "MS MARCO Medium (1M documents)",
            "payload_profile": "text"
          },
          "k": 100,
          "concurrency_search_config": {
            "num_concurrency": [
              1,
              10,
              20,
              40,
              60,
              80
            ],
            "concurrency_duration": 30,
            "concurrency_timeout": 3600
          }
        },
        "stages": [
          "search_serial",
          "search_concurrent"
        ],
        "load_concurrency": 0
      },
      "label": ":)"
    }
  ],
  "file_fmt": "result_{}_{}_{}.json",
  "timestamp": 1782086400.0
}
