{
  "run_id": "917d6ccbc00d4f8ba7ca47de9dcf9612",
  "task_label": "fts-matrix-elastic-msmarco-small-ids-mathgt-20260621T150656Z",
  "results": [
    {
      "metrics": {
        "max_load_count": 0,
        "insert_duration": 3.5575,
        "optimize_duration": 30.9797,
        "load_duration": 34.5372,
        "qps": 12792.5025,
        "serial_latency_p99": 0.0028,
        "serial_latency_p95": 0.0023,
        "recall": 0.9416,
        "ndcg": 0.0,
        "conc_num_list": [
          1,
          10,
          20,
          40,
          60,
          80
        ],
        "conc_qps_list": [
          601.7296,
          5910.0014,
          9375.6363,
          11945.9017,
          12685.7963,
          12792.5025
        ],
        "conc_latency_p99_list": [
          0.003222591700032353,
          0.0031301349401474015,
          0.00416976409032941,
          0.007857381133362651,
          0.01207739309407767,
          0.014284413475543272
        ],
        "conc_latency_p95_list": [
          0.0025230228900909417,
          0.002467907965183258,
          0.0032649149652570486,
          0.005963965551927686,
          0.009073710860684512,
          0.011035682726651428
        ],
        "conc_latency_avg_list": [
          0.0016610555639900567,
          0.001689726799240064,
          0.0021290195654358524,
          0.0033400240767609613,
          0.004714470635507877,
          0.006227489943242824
        ],
        "payload_profile": "ids_only",
        "payload_estimated_bytes_per_query": 2000,
        "inserted_count": null,
        "insert_rows_per_second": 0.0,
        "insert_completion_seconds": 0.0,
        "searchable_after_insert_seconds": 0.0,
        "indexed_after_searchable_seconds": 0.0,
        "additional_parameters": {},
        "st_ideal_insert_duration": 0,
        "st_search_stage_list": [],
        "st_search_time_list": [],
        "st_max_qps_list_list": [],
        "st_recall_list": [],
        "st_ndcg_list": [],
        "st_serial_latency_p99_list": [],
        "st_serial_latency_p95_list": [],
        "st_conc_failed_rate_list": [],
        "st_conc_num_list_list": [],
        "st_conc_qps_list_list": [],
        "st_conc_latency_p99_list_list": [],
        "st_conc_latency_p95_list_list": [],
        "st_conc_latency_avg_list_list": []
      },
      "task_config": {
        "db": "ElasticCloud",
        "db_config": {
          "db_label": "2026-06-21T15:55:27.076316",
          "version": "",
          "note": "",
          "cloud_id": null,
          "scheme": "http",
          "host": "**********",
          "port": 9200,
          "user": "elastic",
          "user_name": null,
          "password": "**********",
          "use_ssl": false,
          "verify_certs": true
        },
        "db_case_config": {
          "number_of_shards": 1,
          "number_of_replicas": 0,
          "refresh_interval": "30s",
          "use_force_merge": true,
          "metric_type": "BM25"
        },
        "case_config": {
          "case_id": 503,
          "custom_case": {
            "dataset_with_size_type": "MS MARCO Small (100K documents)",
            "payload_profile": "ids_only"
          },
          "k": 100,
          "concurrency_search_config": {
            "num_concurrency": [
              1,
              10,
              20,
              40,
              60,
              80
            ],
            "concurrency_duration": 30,
            "concurrency_timeout": 3600
          }
        },
        "stages": [
          "drop_old",
          "load",
          "search_serial",
          "search_concurrent"
        ],
        "load_concurrency": 0
      },
      "label": ":)"
    }
  ],
  "file_fmt": "result_{}_{}_{}.json",
  "timestamp": 1782000000.0
}
