{
  "run_id": "1411bc79cdaf4377928fc264538e318f",
  "task_label": "fts-matrix-elastic-msmarco-large-ids-mathgt-20260621T150656Z",
  "results": [
    {
      "metrics": {
        "max_load_count": 0,
        "insert_duration": 348.8843,
        "optimize_duration": 90.1938,
        "load_duration": 439.0781,
        "qps": 1713.7078,
        "serial_latency_p99": 0.0462,
        "serial_latency_p95": 0.0283,
        "recall": 0.9304,
        "ndcg": 0.0,
        "conc_num_list": [
          1,
          10,
          20,
          40,
          60,
          80
        ],
        "conc_qps_list": [
          91.7264,
          1036.28,
          1599.7248,
          1711.8981,
          1713.7078,
          1711.154
        ],
        "conc_latency_p99_list": [
          0.051905046072788515,
          0.04399008722975841,
          0.05289213872514661,
          0.08623951063491399,
          0.10006282804068165,
          0.1130315637029707
        ],
        "conc_latency_p95_list": [
          0.03154913149774074,
          0.02690330520272255,
          0.03319753361865878,
          0.05325410608202219,
          0.0672908447217196,
          0.07768834806047373
        ],
        "conc_latency_avg_list": [
          0.010900609208261431,
          0.00964243181221566,
          0.012492731020479693,
          0.023314524663660033,
          0.034917203945456124,
          0.04665541007618701
        ],
        "payload_profile": "ids_only",
        "payload_estimated_bytes_per_query": 2000,
        "inserted_count": null,
        "insert_rows_per_second": 0.0,
        "insert_completion_seconds": 0.0,
        "searchable_after_insert_seconds": 0.0,
        "indexed_after_searchable_seconds": 0.0,
        "additional_parameters": {},
        "st_ideal_insert_duration": 0,
        "st_search_stage_list": [],
        "st_search_time_list": [],
        "st_max_qps_list_list": [],
        "st_recall_list": [],
        "st_ndcg_list": [],
        "st_serial_latency_p99_list": [],
        "st_serial_latency_p95_list": [],
        "st_conc_failed_rate_list": [],
        "st_conc_num_list_list": [],
        "st_conc_qps_list_list": [],
        "st_conc_latency_p99_list_list": [],
        "st_conc_latency_p95_list_list": [],
        "st_conc_latency_avg_list_list": []
      },
      "task_config": {
        "db": "ElasticCloud",
        "db_config": {
          "db_label": "2026-06-21T16:05:54.524625",
          "version": "",
          "note": "",
          "cloud_id": null,
          "scheme": "http",
          "host": "**********",
          "port": 9200,
          "user": "elastic",
          "user_name": null,
          "password": "**********",
          "use_ssl": false,
          "verify_certs": true
        },
        "db_case_config": {
          "number_of_shards": 1,
          "number_of_replicas": 0,
          "refresh_interval": "30s",
          "use_force_merge": true,
          "metric_type": "BM25"
        },
        "case_config": {
          "case_id": 503,
          "custom_case": {
            "dataset_with_size_type": "MS MARCO Large (8.8M documents)",
            "payload_profile": "ids_only"
          },
          "k": 100,
          "concurrency_search_config": {
            "num_concurrency": [
              1,
              10,
              20,
              40,
              60,
              80
            ],
            "concurrency_duration": 30,
            "concurrency_timeout": 3600
          }
        },
        "stages": [
          "drop_old",
          "load",
          "search_serial",
          "search_concurrent"
        ],
        "load_concurrency": 0
      },
      "label": ":)"
    }
  ],
  "file_fmt": "result_{}_{}_{}.json",
  "timestamp": 1782000000.0
}
