{
  "run_id": "f81a0b47cb9043548d33c78b329eee18",
  "task_label": "fts-matrix-elastic-hotpotqa-medium-ids-mathgt-20260621T150656Z",
  "results": [
    {
      "metrics": {
        "max_load_count": 0,
        "insert_duration": 34.2934,
        "optimize_duration": 30.9491,
        "load_duration": 65.2426,
        "qps": 2073.6098,
        "serial_latency_p99": 0.0237,
        "serial_latency_p95": 0.0166,
        "recall": 0.862,
        "ndcg": 0.0,
        "conc_num_list": [
          1,
          10,
          20,
          40,
          60,
          80
        ],
        "conc_qps_list": [
          123.4348,
          1226.2127,
          1918.103,
          2057.6807,
          2073.6098,
          2072.1953
        ],
        "conc_latency_p99_list": [
          0.0240050391340628,
          0.024180723764002328,
          0.02890998770482838,
          0.05050260847434395,
          0.060091072032228104,
          0.07166179607622324
        ],
        "conc_latency_p95_list": [
          0.016426966851577164,
          0.016725789895281194,
          0.020596469426527618,
          0.03599691404961049,
          0.045031785639002876,
          0.0589001627638936
        ],
        "conc_latency_avg_list": [
          0.008100278230261292,
          0.008151013225125812,
          0.010418199203976295,
          0.019422685017097763,
          0.028895725830670495,
          0.03856117559941786
        ],
        "payload_profile": "ids_only",
        "payload_estimated_bytes_per_query": 2000,
        "inserted_count": null,
        "insert_rows_per_second": 0.0,
        "insert_completion_seconds": 0.0,
        "searchable_after_insert_seconds": 0.0,
        "indexed_after_searchable_seconds": 0.0,
        "additional_parameters": {},
        "st_ideal_insert_duration": 0,
        "st_search_stage_list": [],
        "st_search_time_list": [],
        "st_max_qps_list_list": [],
        "st_recall_list": [],
        "st_ndcg_list": [],
        "st_serial_latency_p99_list": [],
        "st_serial_latency_p95_list": [],
        "st_conc_failed_rate_list": [],
        "st_conc_num_list_list": [],
        "st_conc_qps_list_list": [],
        "st_conc_latency_p99_list_list": [],
        "st_conc_latency_p95_list_list": [],
        "st_conc_latency_avg_list_list": []
      },
      "task_config": {
        "db": "ElasticCloud",
        "db_config": {
          "db_label": "2026-06-21T16:23:34.749085",
          "version": "",
          "note": "",
          "cloud_id": null,
          "scheme": "http",
          "host": "**********",
          "port": 9200,
          "user": "elastic",
          "user_name": null,
          "password": "**********",
          "use_ssl": false,
          "verify_certs": true
        },
        "db_case_config": {
          "number_of_shards": 1,
          "number_of_replicas": 0,
          "refresh_interval": "30s",
          "use_force_merge": true,
          "metric_type": "BM25"
        },
        "case_config": {
          "case_id": 503,
          "custom_case": {
            "dataset_with_size_type": "HotpotQA Medium (1M documents)",
            "payload_profile": "ids_only"
          },
          "k": 100,
          "concurrency_search_config": {
            "num_concurrency": [
              1,
              10,
              20,
              40,
              60,
              80
            ],
            "concurrency_duration": 30,
            "concurrency_timeout": 3600
          }
        },
        "stages": [
          "drop_old",
          "load",
          "search_serial",
          "search_concurrent"
        ],
        "load_concurrency": 0
      },
      "label": ":)"
    }
  ],
  "file_fmt": "result_{}_{}_{}.json",
  "timestamp": 1782000000.0
}
