{
  "run_id": "377316eb28e0467b8ded2548520eec6e",
  "task_label": "fts-matrix-elastic-hotpotqa-small-ids-mathgt-20260621T150656Z",
  "results": [
    {
      "metrics": {
        "max_load_count": 0,
        "insert_duration": 3.3234,
        "optimize_duration": 31.0263,
        "load_duration": 34.3497,
        "qps": 6461.6069,
        "serial_latency_p99": 0.0057,
        "serial_latency_p95": 0.0045,
        "recall": 0.875,
        "ndcg": 0.0,
        "conc_num_list": [
          1,
          10,
          20,
          40,
          60,
          80
        ],
        "conc_qps_list": [
          368.5025,
          3467.843,
          5348.379,
          6428.9145,
          6455.8945,
          6461.6069
        ],
        "conc_latency_p99_list": [
          0.005689809694886208,
          0.005962912179529666,
          0.00795476045459509,
          0.014405265622772272,
          0.018585047195665467,
          0.022216798169538376
        ],
        "conc_latency_p95_list": [
          0.004476737603545188,
          0.004724893625825644,
          0.006239324528723953,
          0.0113233974436298,
          0.014813509583473205,
          0.018773373099975288
        ],
        "conc_latency_avg_list": [
          0.0027127725110445136,
          0.0028813398832273052,
          0.0037353100290683033,
          0.0062128898234600745,
          0.009279217057371008,
          0.012357520197788558
        ],
        "payload_profile": "ids_only",
        "payload_estimated_bytes_per_query": 2000,
        "inserted_count": null,
        "insert_rows_per_second": 0.0,
        "insert_completion_seconds": 0.0,
        "searchable_after_insert_seconds": 0.0,
        "indexed_after_searchable_seconds": 0.0,
        "additional_parameters": {},
        "st_ideal_insert_duration": 0,
        "st_search_stage_list": [],
        "st_search_time_list": [],
        "st_max_qps_list_list": [],
        "st_recall_list": [],
        "st_ndcg_list": [],
        "st_serial_latency_p99_list": [],
        "st_serial_latency_p95_list": [],
        "st_conc_failed_rate_list": [],
        "st_conc_num_list_list": [],
        "st_conc_qps_list_list": [],
        "st_conc_latency_p99_list_list": [],
        "st_conc_latency_p95_list_list": [],
        "st_conc_latency_avg_list_list": []
      },
      "task_config": {
        "db": "ElasticCloud",
        "db_config": {
          "db_label": "2026-06-21T16:18:31.655322",
          "version": "",
          "note": "",
          "cloud_id": null,
          "scheme": "http",
          "host": "**********",
          "port": 9200,
          "user": "elastic",
          "user_name": null,
          "password": "**********",
          "use_ssl": false,
          "verify_certs": true
        },
        "db_case_config": {
          "number_of_shards": 1,
          "number_of_replicas": 0,
          "refresh_interval": "30s",
          "use_force_merge": true,
          "metric_type": "BM25"
        },
        "case_config": {
          "case_id": 503,
          "custom_case": {
            "dataset_with_size_type": "HotpotQA Small (100K documents)",
            "payload_profile": "ids_only"
          },
          "k": 100,
          "concurrency_search_config": {
            "num_concurrency": [
              1,
              10,
              20,
              40,
              60,
              80
            ],
            "concurrency_duration": 30,
            "concurrency_timeout": 3600
          }
        },
        "stages": [
          "drop_old",
          "load",
          "search_serial",
          "search_concurrent"
        ],
        "load_concurrency": 0
      },
      "label": ":)"
    }
  ],
  "file_fmt": "result_{}_{}_{}.json",
  "timestamp": 1782000000.0
}
