{
  "run_id": "d235416f151e4e34aeb34f71877b508a",
  "task_label": "fts-matrix-elastic-hotpotqa-large-ids-mathgt-20260621T150656Z",
  "results": [
    {
      "metrics": {
        "max_load_count": 0,
        "insert_duration": 194.9027,
        "optimize_duration": 61.7311,
        "load_duration": 256.6338,
        "qps": 659.248,
        "serial_latency_p99": 0.0851,
        "serial_latency_p95": 0.057,
        "recall": 0.8553,
        "ndcg": 0.0,
        "conc_num_list": [
          1,
          10,
          20,
          40,
          60,
          80
        ],
        "conc_qps_list": [
          38.6843,
          408.835,
          622.3226,
          659.1277,
          656.1379,
          659.248
        ],
        "conc_latency_p99_list": [
          0.09539984529837975,
          0.08384481541812416,
          0.10703951056115336,
          0.17269682684913265,
          0.2131439147051424,
          0.25519853461533787
        ],
        "conc_latency_p95_list": [
          0.061062366398982715,
          0.05600346522405742,
          0.07246535068843514,
          0.11992671089246873,
          0.16345619251951576,
          0.18702890155836938
        ],
        "conc_latency_avg_list": [
          0.025848300462723316,
          0.024445144463094738,
          0.03209480363295543,
          0.060560097839697756,
          0.09125835983454955,
          0.12110942571818806
        ],
        "payload_profile": "ids_only",
        "payload_estimated_bytes_per_query": 2000,
        "inserted_count": null,
        "insert_rows_per_second": 0.0,
        "insert_completion_seconds": 0.0,
        "searchable_after_insert_seconds": 0.0,
        "indexed_after_searchable_seconds": 0.0,
        "additional_parameters": {},
        "st_ideal_insert_duration": 0,
        "st_search_stage_list": [],
        "st_search_time_list": [],
        "st_max_qps_list_list": [],
        "st_recall_list": [],
        "st_ndcg_list": [],
        "st_serial_latency_p99_list": [],
        "st_serial_latency_p95_list": [],
        "st_conc_failed_rate_list": [],
        "st_conc_num_list_list": [],
        "st_conc_qps_list_list": [],
        "st_conc_latency_p99_list_list": [],
        "st_conc_latency_p95_list_list": [],
        "st_conc_latency_avg_list_list": []
      },
      "task_config": {
        "db": "ElasticCloud",
        "db_config": {
          "db_label": "2026-06-21T16:29:48.871727",
          "version": "",
          "note": "",
          "cloud_id": null,
          "scheme": "http",
          "host": "**********",
          "port": 9200,
          "user": "elastic",
          "user_name": null,
          "password": "**********",
          "use_ssl": false,
          "verify_certs": true
        },
        "db_case_config": {
          "number_of_shards": 1,
          "number_of_replicas": 0,
          "refresh_interval": "30s",
          "use_force_merge": true,
          "metric_type": "BM25"
        },
        "case_config": {
          "case_id": 503,
          "custom_case": {
            "dataset_with_size_type": "HotpotQA Large (5.2M documents)",
            "payload_profile": "ids_only"
          },
          "k": 100,
          "concurrency_search_config": {
            "num_concurrency": [
              1,
              10,
              20,
              40,
              60,
              80
            ],
            "concurrency_duration": 30,
            "concurrency_timeout": 3600
          }
        },
        "stages": [
          "drop_old",
          "load",
          "search_serial",
          "search_concurrent"
        ],
        "load_concurrency": 0
      },
      "label": ":)"
    }
  ],
  "file_fmt": "result_{}_{}_{}.json",
  "timestamp": 1782000000.0
}
