{
  "run_id": "10fb24be6ac042e2bec70e30820cdd6f",
  "task_label": "fts-hotpotqa-medium-milvus-ids-c1-10-20-40-60-80-r7i-20260604T074646Z",
  "results": [
    {
      "metrics": {
        "max_load_count": 0,
        "insert_duration": 2023.1747,
        "optimize_duration": 17.7589,
        "load_duration": 2040.9336,
        "qps": 1865.4681,
        "serial_latency_p99": 0.017,
        "serial_latency_p95": 0.0122,
        "recall": 0.8378,
        "ndcg": 0.7246,
        "mrr": 0.8561,
        "conc_num_list": [
          1,
          10,
          20,
          40,
          60,
          80
        ],
        "conc_qps_list": [
          255.0087,
          1364.3522,
          1378.9975,
          1702.7745,
          1851.3955,
          1865.4681
        ],
        "conc_latency_p99_list": [
          0.008277778209885591,
          0.01802318988833578,
          0.02959457549266517,
          0.05398507755715395,
          0.057055295372847446,
          0.06631545147392903
        ],
        "conc_latency_p95_list": [
          0.006330932286800816,
          0.013187687145546073,
          0.02235140742268413,
          0.040801034192554646,
          0.04753416655585169,
          0.05811026274459437
        ],
        "conc_latency_avg_list": [
          0.003918916832265447,
          0.00732260098765597,
          0.014471202780524385,
          0.023314968365471297,
          0.03203856332698386,
          0.0421895631347847
        ],
        "payload_profile": "ids_only",
        "payload_estimated_bytes_per_query": 2000,
        "inserted_count": 0,
        "insert_rows_per_second": 0.0,
        "insert_completion_seconds": 0.0,
        "searchable_after_insert_seconds": 0.0,
        "indexed_after_searchable_seconds": 0.0,
        "additional_parameters": {},
        "st_ideal_insert_duration": 0,
        "st_search_stage_list": [],
        "st_search_time_list": [],
        "st_max_qps_list_list": [],
        "st_recall_list": [],
        "st_ndcg_list": [],
        "st_serial_latency_p99_list": [],
        "st_serial_latency_p95_list": [],
        "st_conc_failed_rate_list": [],
        "st_conc_num_list_list": [],
        "st_conc_qps_list_list": [],
        "st_conc_latency_p99_list_list": [],
        "st_conc_latency_p95_list_list": [],
        "st_conc_latency_avg_list_list": []
      },
      "task_config": {
        "db": "Milvus",
        "db_config": {
          "db_label": "2026-06-04T07:46:52.876892",
          "version": "",
          "note": "",
          "uri": "**********",
          "user": null,
          "password": null,
          "num_shards": 1,
          "replica_number": 1
        },
        "db_case_config": {
          "index_type": "SPARSE_INVERTED_INDEX",
          "metric_type": "BM25",
          "inverted_index_algo": "DAAT_MAXSCORE",
          "bm25_k1": 1.5,
          "bm25_b": 0.75,
          "analyzer_tokenizer": "standard",
          "analyzer_enable_lowercase": true,
          "analyzer_max_token_length": 40,
          "analyzer_stop_words": null,
          "drop_ratio_search": null
        },
        "case_config": {
          "case_id": 503,
          "custom_case": {
            "dataset_with_size_type": "HotpotQA Medium (1M documents)",
            "payload_profile": "ids_only"
          },
          "k": 100,
          "concurrency_search_config": {
            "num_concurrency": [
              1,
              10,
              20,
              40,
              60,
              80
            ],
            "concurrency_duration": 30,
            "concurrency_timeout": 3600
          }
        },
        "stages": [
          "drop_old",
          "load",
          "search_serial",
          "search_concurrent"
        ],
        "load_concurrency": 0
      },
      "label": ":)"
    }
  ],
  "file_fmt": "result_{}_{}_{}.json",
  "timestamp": 1780531200.0
}
