{
  "run_id": "71ee79435f7748508e828e1effbb5479",
  "task_label": "fts-msmarco-medium-milvus-text-c1-10-20-40-60-80-r7i-20260604T041648Z",
  "results": [
    {
      "metrics": {
        "max_load_count": 0,
        "insert_duration": 2032.6939,
        "optimize_duration": 15.5421,
        "load_duration": 2048.236,
        "qps": 4677.4078,
        "serial_latency_p99": 0.0075,
        "serial_latency_p95": 0.0057,
        "recall": 0.8048,
        "ndcg": 0.5174,
        "mrr": 0.4458,
        "conc_num_list": [
          1,
          10,
          20,
          40,
          60,
          80
        ],
        "conc_qps_list": [
          378.3115,
          2732.7863,
          3656.8277,
          4353.0352,
          4602.9011,
          4677.4078
        ],
        "conc_latency_p99_list": [
          0.004618609675671905,
          0.00772289825603366,
          0.013861735167447483,
          0.02238845640677027,
          0.029493439439684185,
          0.035882969670929014
        ],
        "conc_latency_p95_list": [
          0.003715890308376402,
          0.005770246032625439,
          0.009866815025452521,
          0.017219881614437323,
          0.022970371390692888,
          0.02803798537934199
        ],
        "conc_latency_avg_list": [
          0.0026414083036783082,
          0.003654497134522119,
          0.005456365848825643,
          0.009117368815806808,
          0.01286081251985929,
          0.01677515881242963
        ],
        "payload_profile": "text",
        "payload_estimated_bytes_per_query": 53200,
        "inserted_count": 0,
        "insert_rows_per_second": 0.0,
        "insert_completion_seconds": 0.0,
        "searchable_after_insert_seconds": 0.0,
        "indexed_after_searchable_seconds": 0.0,
        "additional_parameters": {},
        "st_ideal_insert_duration": 0,
        "st_search_stage_list": [],
        "st_search_time_list": [],
        "st_max_qps_list_list": [],
        "st_recall_list": [],
        "st_ndcg_list": [],
        "st_serial_latency_p99_list": [],
        "st_serial_latency_p95_list": [],
        "st_conc_failed_rate_list": [],
        "st_conc_num_list_list": [],
        "st_conc_qps_list_list": [],
        "st_conc_latency_p99_list_list": [],
        "st_conc_latency_p95_list_list": [],
        "st_conc_latency_avg_list_list": []
      },
      "task_config": {
        "db": "Milvus",
        "db_config": {
          "db_label": "2026-06-04T04:55:44.776513",
          "version": "",
          "note": "",
          "uri": "**********",
          "user": null,
          "password": null,
          "num_shards": 1,
          "replica_number": 1
        },
        "db_case_config": {
          "index_type": "SPARSE_INVERTED_INDEX",
          "metric_type": "BM25",
          "inverted_index_algo": "DAAT_MAXSCORE",
          "bm25_k1": 1.5,
          "bm25_b": 0.75,
          "analyzer_tokenizer": "standard",
          "analyzer_enable_lowercase": true,
          "analyzer_max_token_length": 40,
          "analyzer_stop_words": null,
          "drop_ratio_search": null
        },
        "case_config": {
          "case_id": 503,
          "custom_case": {
            "dataset_with_size_type": "MS MARCO Medium (1M documents)",
            "payload_profile": "text"
          },
          "k": 100,
          "concurrency_search_config": {
            "num_concurrency": [
              1,
              10,
              20,
              40,
              60,
              80
            ],
            "concurrency_duration": 30,
            "concurrency_timeout": 3600
          }
        },
        "stages": [
          "drop_old",
          "load",
          "search_serial",
          "search_concurrent"
        ],
        "load_concurrency": 0
      },
      "label": ":)"
    }
  ],
  "file_fmt": "result_{}_{}_{}.json",
  "timestamp": 1780531200.0
}
