{
  "run_id": "086c0e9b355444fc849501e08afd8675",
  "task_label": "fts-e2e-milvus-msmarco-small-text-r7i-rerun",
  "results": [
    {
      "metrics": {
        "max_load_count": 0,
        "insert_duration": 215.8716,
        "optimize_duration": 14.5676,
        "load_duration": 230.4392,
        "qps": 9569.0676,
        "serial_latency_p99": 0.0032,
        "serial_latency_p95": 0.0029,
        "recall": 0.9157,
        "ndcg": 0.7157,
        "mrr": 0.6653,
        "conc_num_list": [
          1,
          10,
          20,
          40,
          60,
          80
        ],
        "conc_qps_list": [
          468.2255,
          4857.3898,
          8011.723,
          9279.3577,
          9569.0676,
          9266.8844
        ],
        "conc_latency_p99_list": [
          0.0031345054320991027,
          0.003314630244858563,
          0.004613195331767202,
          0.010038939206860966,
          0.014637746622320267,
          0.019028666592203074
        ],
        "conc_latency_p95_list": [
          0.002787867956794798,
          0.002624237007694319,
          0.003444304806180298,
          0.007388816372258588,
          0.010491812473628665,
          0.013418893504422158
        ],
        "conc_latency_avg_list": [
          0.0021338880020832286,
          0.002054417839848951,
          0.0024870887421567607,
          0.004277411232592191,
          0.006176344223866686,
          0.008422480437386424
        ],
        "payload_profile": "text",
        "payload_estimated_bytes_per_query": 53200,
        "inserted_count": 0,
        "insert_rows_per_second": 0.0,
        "insert_completion_seconds": 0.0,
        "searchable_after_insert_seconds": 0.0,
        "indexed_after_searchable_seconds": 0.0,
        "additional_parameters": {},
        "st_ideal_insert_duration": 0,
        "st_search_stage_list": [],
        "st_search_time_list": [],
        "st_max_qps_list_list": [],
        "st_recall_list": [],
        "st_ndcg_list": [],
        "st_serial_latency_p99_list": [],
        "st_serial_latency_p95_list": [],
        "st_conc_failed_rate_list": [],
        "st_conc_num_list_list": [],
        "st_conc_qps_list_list": [],
        "st_conc_latency_p99_list_list": [],
        "st_conc_latency_p95_list_list": [],
        "st_conc_latency_avg_list_list": []
      },
      "task_config": {
        "db": "Milvus",
        "db_config": {
          "db_label": "2026-06-03T04:21:33.966271",
          "version": "",
          "note": "",
          "uri": "**********",
          "user": null,
          "password": null,
          "num_shards": 1,
          "replica_number": 1
        },
        "db_case_config": {
          "index_type": "SPARSE_INVERTED_INDEX",
          "metric_type": "BM25",
          "inverted_index_algo": "DAAT_MAXSCORE",
          "bm25_k1": 1.5,
          "bm25_b": 0.75,
          "analyzer_tokenizer": "standard",
          "analyzer_enable_lowercase": true,
          "analyzer_max_token_length": 40,
          "analyzer_stop_words": null,
          "drop_ratio_search": null
        },
        "case_config": {
          "case_id": 503,
          "custom_case": {
            "dataset_with_size_type": "MS MARCO Small (100K documents)",
            "payload_profile": "text"
          },
          "k": 100,
          "concurrency_search_config": {
            "num_concurrency": [
              1,
              10,
              20,
              40,
              60,
              80
            ],
            "concurrency_duration": 30,
            "concurrency_timeout": 3600
          }
        },
        "stages": [
          "drop_old",
          "load",
          "search_serial",
          "search_concurrent"
        ],
        "load_concurrency": 0
      },
      "label": ":)"
    }
  ],
  "file_fmt": "result_{}_{}_{}.json",
  "timestamp": 1780444800.0
}
