{
  "run_id": "fc77dd9589de4a81ba1c83edab908f56",
  "task_label": "fts-msmarco-medium-milvus-ids-c1-10-20-40-60-80-r7i-20260604T041648Z",
  "results": [
    {
      "metrics": {
        "max_load_count": 0,
        "insert_duration": 2033.5913,
        "optimize_duration": 14.5318,
        "load_duration": 2048.1231,
        "qps": 5139.592,
        "serial_latency_p99": 0.0071,
        "serial_latency_p95": 0.0053,
        "recall": 0.8048,
        "ndcg": 0.5174,
        "mrr": 0.4458,
        "conc_num_list": [
          1,
          10,
          20,
          40,
          60,
          80
        ],
        "conc_qps_list": [
          433.1311,
          2976.367,
          3973.3733,
          4750.5123,
          5053.7822,
          5139.592
        ],
        "conc_latency_p99_list": [
          0.004371982386801393,
          0.007413580804131919,
          0.012980728264665231,
          0.02120600198395545,
          0.025951327111106395,
          0.030308675437699974
        ],
        "conc_latency_p95_list": [
          0.003391453938093035,
          0.005520527600310743,
          0.009167199779767543,
          0.015981036005541682,
          0.020345835213083772,
          0.024121560563798987
        ],
        "conc_latency_avg_list": [
          0.0023070147409383875,
          0.003354940437279553,
          0.005023086048634386,
          0.008369668618355175,
          0.011719695498403878,
          0.015251970573370221
        ],
        "payload_profile": "ids_only",
        "payload_estimated_bytes_per_query": 2000,
        "inserted_count": 0,
        "insert_rows_per_second": 0.0,
        "insert_completion_seconds": 0.0,
        "searchable_after_insert_seconds": 0.0,
        "indexed_after_searchable_seconds": 0.0,
        "additional_parameters": {},
        "st_ideal_insert_duration": 0,
        "st_search_stage_list": [],
        "st_search_time_list": [],
        "st_max_qps_list_list": [],
        "st_recall_list": [],
        "st_ndcg_list": [],
        "st_serial_latency_p99_list": [],
        "st_serial_latency_p95_list": [],
        "st_conc_failed_rate_list": [],
        "st_conc_num_list_list": [],
        "st_conc_qps_list_list": [],
        "st_conc_latency_p99_list_list": [],
        "st_conc_latency_p95_list_list": [],
        "st_conc_latency_avg_list_list": []
      },
      "task_config": {
        "db": "Milvus",
        "db_config": {
          "db_label": "2026-06-04T04:16:53.948285",
          "version": "",
          "note": "",
          "uri": "**********",
          "user": null,
          "password": null,
          "num_shards": 1,
          "replica_number": 1
        },
        "db_case_config": {
          "index_type": "SPARSE_INVERTED_INDEX",
          "metric_type": "BM25",
          "inverted_index_algo": "DAAT_MAXSCORE",
          "bm25_k1": 1.5,
          "bm25_b": 0.75,
          "analyzer_tokenizer": "standard",
          "analyzer_enable_lowercase": true,
          "analyzer_max_token_length": 40,
          "analyzer_stop_words": null,
          "drop_ratio_search": null
        },
        "case_config": {
          "case_id": 503,
          "custom_case": {
            "dataset_with_size_type": "MS MARCO Medium (1M documents)",
            "payload_profile": "ids_only"
          },
          "k": 100,
          "concurrency_search_config": {
            "num_concurrency": [
              1,
              10,
              20,
              40,
              60,
              80
            ],
            "concurrency_duration": 30,
            "concurrency_timeout": 3600
          }
        },
        "stages": [
          "drop_old",
          "load",
          "search_serial",
          "search_concurrent"
        ],
        "load_concurrency": 0
      },
      "label": ":)"
    }
  ],
  "file_fmt": "result_{}_{}_{}.json",
  "timestamp": 1780531200.0
}
