{
  "run_id": "37eee99dd89f42a8b395a895ef17808d",
  "task_label": "fts-msmarco-large-vespa-ids-c1-10-20-40-60-80-r7i-20260604T113624Z",
  "results": [
    {
      "metrics": {
        "max_load_count": 0,
        "insert_duration": 4987.2328,
        "optimize_duration": 0.0,
        "load_duration": 4987.2328,
        "qps": 192.5008,
        "serial_latency_p99": 0.446,
        "serial_latency_p95": 0.4454,
        "recall": 0.5689,
        "ndcg": 0.2475,
        "mrr": 0.1673,
        "conc_num_list": [
          1,
          10,
          20,
          40,
          60,
          80
        ],
        "conc_qps_list": [
          4.1287,
          30.7389,
          56.8053,
          103.6033,
          149.3731,
          192.5008
        ],
        "conc_latency_p99_list": [
          0.3473182868584991,
          0.44404950046446173,
          0.4535749912867323,
          0.46725487841176777,
          0.47552873849053856,
          0.4785048289305996
        ],
        "conc_latency_p95_list": [
          0.34110692762769756,
          0.44319115445250645,
          0.44739179622847586,
          0.4570694349647965,
          0.4625402752775699,
          0.463839773478685
        ],
        "conc_latency_avg_list": [
          0.24219480699952692,
          0.3240696553036593,
          0.3490124055479468,
          0.38290594317178145,
          0.3978159449193991,
          0.4107401789708179
        ],
        "payload_profile": "ids_only",
        "payload_estimated_bytes_per_query": 2000,
        "inserted_count": 0,
        "insert_rows_per_second": 0.0,
        "insert_completion_seconds": 0.0,
        "searchable_after_insert_seconds": 0.0,
        "indexed_after_searchable_seconds": 0.0,
        "additional_parameters": {},
        "st_ideal_insert_duration": 0,
        "st_search_stage_list": [],
        "st_search_time_list": [],
        "st_max_qps_list_list": [],
        "st_recall_list": [],
        "st_ndcg_list": [],
        "st_serial_latency_p99_list": [],
        "st_serial_latency_p95_list": [],
        "st_conc_failed_rate_list": [],
        "st_conc_num_list_list": [],
        "st_conc_qps_list_list": [],
        "st_conc_latency_p99_list_list": [],
        "st_conc_latency_p95_list_list": [],
        "st_conc_latency_avg_list_list": []
      },
      "task_config": {
        "db": "Vespa",
        "db_config": {
          "db_label": "",
          "version": "",
          "note": "",
          "url": "**********",
          "port": 8080
        },
        "db_case_config": {},
        "case_config": {
          "case_id": 503,
          "custom_case": {
            "dataset_with_size_type": "MS MARCO Large (8.8M documents)",
            "payload_profile": "ids_only"
          },
          "k": 100,
          "concurrency_search_config": {
            "num_concurrency": [
              1,
              10,
              20,
              40,
              60,
              80
            ],
            "concurrency_duration": 30,
            "concurrency_timeout": 3600
          }
        },
        "stages": [
          "drop_old",
          "load",
          "search_serial",
          "search_concurrent"
        ],
        "load_concurrency": 0
      },
      "label": ":)"
    }
  ],
  "file_fmt": "result_{}_{}_{}.json",
  "timestamp": 1780617600.0
}
