{
  "run_id": "88b9f870e4f6487f93dee41929e29059",
  "task_label": "fts-msmarco-large-vespa-text-c1-10-20-40-60-80-r7i-20260604T113624Z",
  "results": [
    {
      "metrics": {
        "max_load_count": 0,
        "insert_duration": 4989.055,
        "optimize_duration": 0.0,
        "load_duration": 4989.055,
        "qps": 187.5886,
        "serial_latency_p99": 0.4537,
        "serial_latency_p95": 0.4525,
        "recall": 0.5687,
        "ndcg": 0.2475,
        "mrr": 0.1674,
        "conc_num_list": [
          1,
          10,
          20,
          40,
          60,
          80
        ],
        "conc_qps_list": [
          3.3315,
          22.321,
          53.0334,
          100.498,
          140.6589,
          187.5886
        ],
        "conc_latency_p99_list": [
          0.40733836031984544,
          0.5038270137738436,
          0.49030365653336044,
          0.4978891573776491,
          0.5007001480576581,
          0.4953946978540626
        ],
        "conc_latency_p95_list": [
          0.4035603012191132,
          0.5024761820212007,
          0.4804458920843899,
          0.48392037142766636,
          0.48763009475078434,
          0.4810179400956258
        ],
        "conc_latency_avg_list": [
          0.30015051265247167,
          0.3787519726205818,
          0.37400054646469943,
          0.3923348166405762,
          0.41350278283808894,
          0.41793347179364426
        ],
        "payload_profile": "text",
        "payload_estimated_bytes_per_query": 53200,
        "inserted_count": 0,
        "insert_rows_per_second": 0.0,
        "insert_completion_seconds": 0.0,
        "searchable_after_insert_seconds": 0.0,
        "indexed_after_searchable_seconds": 0.0,
        "additional_parameters": {},
        "st_ideal_insert_duration": 0,
        "st_search_stage_list": [],
        "st_search_time_list": [],
        "st_max_qps_list_list": [],
        "st_recall_list": [],
        "st_ndcg_list": [],
        "st_serial_latency_p99_list": [],
        "st_serial_latency_p95_list": [],
        "st_conc_failed_rate_list": [],
        "st_conc_num_list_list": [],
        "st_conc_qps_list_list": [],
        "st_conc_latency_p99_list_list": [],
        "st_conc_latency_p95_list_list": [],
        "st_conc_latency_avg_list_list": []
      },
      "task_config": {
        "db": "Vespa",
        "db_config": {
          "db_label": "",
          "version": "",
          "note": "",
          "url": "**********",
          "port": 8080
        },
        "db_case_config": {},
        "case_config": {
          "case_id": 503,
          "custom_case": {
            "dataset_with_size_type": "MS MARCO Large (8.8M documents)",
            "payload_profile": "text"
          },
          "k": 100,
          "concurrency_search_config": {
            "num_concurrency": [
              1,
              10,
              20,
              40,
              60,
              80
            ],
            "concurrency_duration": 30,
            "concurrency_timeout": 3600
          }
        },
        "stages": [
          "drop_old",
          "load",
          "search_serial",
          "search_concurrent"
        ],
        "load_concurrency": 0
      },
      "label": ":)"
    }
  ],
  "file_fmt": "result_{}_{}_{}.json",
  "timestamp": 1780617600.0
}
