{
  "run_id": "0cc3b9f70cba441893244c054b6dd990",
  "task_label": "fts-msmarco-medium-vespa-text-c1-10-20-40-60-80-r7i-20260604T041648Z",
  "results": [
    {
      "metrics": {
        "max_load_count": 0,
        "insert_duration": 581.4244,
        "optimize_duration": 0.0,
        "load_duration": 581.4244,
        "qps": 251.4636,
        "serial_latency_p99": 0.1702,
        "serial_latency_p95": 0.1248,
        "recall": 0.8409,
        "ndcg": 0.5499,
        "mrr": 0.4767,
        "conc_num_list": [
          1,
          10,
          20,
          40,
          60,
          80
        ],
        "conc_qps_list": [
          15.0937,
          133.4407,
          199.3716,
          209.5499,
          234.2022,
          251.4636
        ],
        "conc_latency_p99_list": [
          0.18668338155373937,
          0.21204770334879863,
          0.28471427822252743,
          0.44806418708642026,
          0.47082335328916086,
          0.4774811506550758
        ],
        "conc_latency_p95_list": [
          0.14097785237245258,
          0.16300656102248468,
          0.22278734649298712,
          0.4236378660483751,
          0.4559648068388924,
          0.46153194282669574
        ],
        "conc_latency_avg_list": [
          0.0662487914146358,
          0.07484444197884968,
          0.09998648273664482,
          0.18925305288696367,
          0.2547005957389061,
          0.31648087288800697
        ],
        "payload_profile": "text",
        "payload_estimated_bytes_per_query": 53200,
        "inserted_count": 0,
        "insert_rows_per_second": 0.0,
        "insert_completion_seconds": 0.0,
        "searchable_after_insert_seconds": 0.0,
        "indexed_after_searchable_seconds": 0.0,
        "additional_parameters": {},
        "st_ideal_insert_duration": 0,
        "st_search_stage_list": [],
        "st_search_time_list": [],
        "st_max_qps_list_list": [],
        "st_recall_list": [],
        "st_ndcg_list": [],
        "st_serial_latency_p99_list": [],
        "st_serial_latency_p95_list": [],
        "st_conc_failed_rate_list": [],
        "st_conc_num_list_list": [],
        "st_conc_qps_list_list": [],
        "st_conc_latency_p99_list_list": [],
        "st_conc_latency_p95_list_list": [],
        "st_conc_latency_avg_list_list": []
      },
      "task_config": {
        "db": "Vespa",
        "db_config": {
          "db_label": "",
          "version": "",
          "note": "",
          "url": "**********",
          "port": 8080
        },
        "db_case_config": {},
        "case_config": {
          "case_id": 503,
          "custom_case": {
            "dataset_with_size_type": "MS MARCO Medium (1M documents)",
            "payload_profile": "text"
          },
          "k": 100,
          "concurrency_search_config": {
            "num_concurrency": [
              1,
              10,
              20,
              40,
              60,
              80
            ],
            "concurrency_duration": 30,
            "concurrency_timeout": 3600
          }
        },
        "stages": [
          "drop_old",
          "load",
          "search_serial",
          "search_concurrent"
        ],
        "load_concurrency": 0
      },
      "label": ":)"
    }
  ],
  "file_fmt": "result_{}_{}_{}.json",
  "timestamp": 1780531200.0
}
