{
  "run_id": "60857a34d22e4daabd2ed1c9a373c546",
  "task_label": "fts-elastic-msmarco-large-ids_only-20260622T173510Z",
  "results": [
    {
      "metrics": {
        "max_load_count": 0,
        "insert_duration": 202.4608,
        "optimize_duration": 153.563,
        "load_duration": 356.0238,
        "qps": 1760.3264,
        "serial_latency_p99": 0.046,
        "serial_latency_p95": 0.0283,
        "recall": 0.9302,
        "ndcg": 0.0,
        "conc_num_list": [
          1,
          10,
          20,
          40,
          60,
          80
        ],
        "conc_qps_list": [
          100.5418,
          1003.8809,
          1595.1416,
          1657.4374,
          1668.4939,
          1760.3264
        ],
        "conc_latency_p99_list": [
          0.04321874998509885,
          0.04616169625893235,
          0.050895720869302545,
          0.08755247378721809,
          0.10030155548825857,
          0.10880299549549811
        ],
        "conc_latency_p95_list": [
          0.026038008276373138,
          0.02832745574414728,
          0.03270245091989633,
          0.05504986084997654,
          0.0696198524907231,
          0.07524812077172098
        ],
        "conc_latency_avg_list": [
          0.009944673103456628,
          0.00995683858256892,
          0.012523072608056119,
          0.02408850463345708,
          0.03591602996381438,
          0.04535464218781523
        ],
        "payload_profile": "ids_only",
        "payload_estimated_bytes_per_query": 2000,
        "inserted_count": 8841823,
        "insert_rows_per_second": 0.0,
        "insert_completion_seconds": 0.0,
        "searchable_after_insert_seconds": 0.0,
        "indexed_after_searchable_seconds": 0.0,
        "additional_parameters": {
          "num_per_batch": 1000,
          "load_concurrency": 0,
          "fts_manifest": {
            "bm25": {
              "k1": 1.2,
              "b": 0.75,
              "avgdl": 57.83363736188793
            },
            "analyzer": {
              "filter": [
                "lowercase"
              ],
              "tokenizer": "standard"
            }
          },
          "applied_bm25_params": {
            "k1": 1.2,
            "b": 0.75
          },
          "unapplied_bm25_params": {
            "avgdl": 57.83363736188793
          },
          "applied_analyzer_params": {},
          "unapplied_analyzer_params": {
            "filter": [
              "lowercase"
            ],
            "tokenizer": "standard"
          }
        },
        "st_ideal_insert_duration": 0,
        "st_search_stage_list": [],
        "st_search_time_list": [],
        "st_max_qps_list_list": [],
        "st_recall_list": [],
        "st_ndcg_list": [],
        "st_serial_latency_p99_list": [],
        "st_serial_latency_p95_list": [],
        "st_conc_failed_rate_list": [],
        "st_conc_num_list_list": [],
        "st_conc_qps_list_list": [],
        "st_conc_latency_p99_list_list": [],
        "st_conc_latency_p95_list_list": [],
        "st_conc_latency_avg_list_list": []
      },
      "task_config": {
        "db": "ElasticCloud",
        "db_config": {
          "db_label": "2026-06-22T17:35:11.373963",
          "version": "",
          "note": "",
          "cloud_id": null,
          "scheme": "http",
          "host": "**********",
          "port": 9200,
          "user": "elastic",
          "user_name": null,
          "password": "**********",
          "use_ssl": false,
          "verify_certs": true
        },
        "db_case_config": {
          "number_of_shards": 1,
          "number_of_replicas": 0,
          "refresh_interval": "30s",
          "use_force_merge": true,
          "metric_type": "BM25",
          "bm25_k1": 1.2,
          "bm25_b": 0.75
        },
        "case_config": {
          "case_id": 503,
          "custom_case": {
            "dataset_with_size_type": "MS MARCO Large (8.8M documents)",
            "payload_profile": "ids_only"
          },
          "k": 100,
          "concurrency_search_config": {
            "num_concurrency": [
              1,
              10,
              20,
              40,
              60,
              80
            ],
            "concurrency_duration": 30,
            "concurrency_timeout": 3600
          }
        },
        "stages": [
          "drop_old",
          "load",
          "search_serial",
          "search_concurrent"
        ],
        "load_concurrency": 0
      },
      "label": ":)"
    }
  ],
  "file_fmt": "result_{}_{}_{}.json",
  "timestamp": 1782086400.0
}
