{
  "run_id": "be76b7136e654f3e9385ac69497b25c3",
  "task_label": "fts-elastic-msmarco-small-ids_only-20260622T171542Z",
  "results": [
    {
      "metrics": {
        "max_load_count": 0,
        "insert_duration": 2.0396,
        "optimize_duration": 31.0095,
        "load_duration": 33.0491,
        "qps": 12778.7063,
        "serial_latency_p99": 0.0028,
        "serial_latency_p95": 0.0023,
        "recall": 0.9416,
        "ndcg": 0.0,
        "conc_num_list": [
          1,
          10,
          20,
          40,
          60,
          80
        ],
        "conc_qps_list": [
          591.2217,
          5879.7885,
          9373.6079,
          11905.3403,
          12658.8337,
          12778.7063
        ],
        "conc_latency_p99_list": [
          0.003444991707801814,
          0.003139472976326941,
          0.004127905704081054,
          0.007831794880330567,
          0.01223255556542426,
          0.01445290494710206
        ],
        "conc_latency_p95_list": [
          0.0026322645135223866,
          0.002473906520754099,
          0.003251450229436159,
          0.005944488709792494,
          0.009103043051436542,
          0.011059387493878602
        ],
        "conc_latency_avg_list": [
          0.0016905439180340944,
          0.0016983885889370342,
          0.0021296351305692294,
          0.0033511854408523898,
          0.00472408504838228,
          0.006234669937767109
        ],
        "payload_profile": "ids_only",
        "payload_estimated_bytes_per_query": 2000,
        "inserted_count": 100000,
        "insert_rows_per_second": 0.0,
        "insert_completion_seconds": 0.0,
        "searchable_after_insert_seconds": 0.0,
        "indexed_after_searchable_seconds": 0.0,
        "additional_parameters": {
          "num_per_batch": 1000,
          "load_concurrency": 0,
          "fts_manifest": {
            "bm25": {
              "k1": 1.2,
              "b": 0.75,
              "avgdl": 55.01342
            },
            "analyzer": {
              "filter": [
                "lowercase"
              ],
              "tokenizer": "standard"
            }
          },
          "applied_bm25_params": {
            "k1": 1.2,
            "b": 0.75
          },
          "unapplied_bm25_params": {
            "avgdl": 55.01342
          },
          "applied_analyzer_params": {},
          "unapplied_analyzer_params": {
            "filter": [
              "lowercase"
            ],
            "tokenizer": "standard"
          }
        },
        "st_ideal_insert_duration": 0,
        "st_search_stage_list": [],
        "st_search_time_list": [],
        "st_max_qps_list_list": [],
        "st_recall_list": [],
        "st_ndcg_list": [],
        "st_serial_latency_p99_list": [],
        "st_serial_latency_p95_list": [],
        "st_conc_failed_rate_list": [],
        "st_conc_num_list_list": [],
        "st_conc_qps_list_list": [],
        "st_conc_latency_p99_list_list": [],
        "st_conc_latency_p95_list_list": [],
        "st_conc_latency_avg_list_list": []
      },
      "task_config": {
        "db": "ElasticCloud",
        "db_config": {
          "db_label": "2026-06-22T17:15:43.430992",
          "version": "",
          "note": "",
          "cloud_id": null,
          "scheme": "http",
          "host": "**********",
          "port": 9200,
          "user": "elastic",
          "user_name": null,
          "password": "**********",
          "use_ssl": false,
          "verify_certs": true
        },
        "db_case_config": {
          "number_of_shards": 1,
          "number_of_replicas": 0,
          "refresh_interval": "30s",
          "use_force_merge": true,
          "metric_type": "BM25",
          "bm25_k1": 1.2,
          "bm25_b": 0.75
        },
        "case_config": {
          "case_id": 503,
          "custom_case": {
            "dataset_with_size_type": "MS MARCO Small (100K documents)",
            "payload_profile": "ids_only"
          },
          "k": 100,
          "concurrency_search_config": {
            "num_concurrency": [
              1,
              10,
              20,
              40,
              60,
              80
            ],
            "concurrency_duration": 30,
            "concurrency_timeout": 3600
          }
        },
        "stages": [
          "drop_old",
          "load",
          "search_serial",
          "search_concurrent"
        ],
        "load_concurrency": 0
      },
      "label": ":)"
    }
  ],
  "file_fmt": "result_{}_{}_{}.json",
  "timestamp": 1782086400.0
}
