{
  "run_id": "4918393a0dad45a2a655dffcfe384930",
  "task_label": "fts-elastic-hotpotqa-small-ids_only-20260622T175211Z",
  "results": [
    {
      "metrics": {
        "max_load_count": 0,
        "insert_duration": 1.8087,
        "optimize_duration": 30.7446,
        "load_duration": 32.5532,
        "qps": 6434.6558,
        "serial_latency_p99": 0.0057,
        "serial_latency_p95": 0.0046,
        "recall": 0.8754,
        "ndcg": 0.0,
        "conc_num_list": [
          1,
          10,
          20,
          40,
          60,
          80
        ],
        "conc_qps_list": [
          364.6285,
          3408.7043,
          5299.2105,
          6347.5969,
          6431.511,
          6434.6558
        ],
        "conc_latency_p99_list": [
          0.0055571802100166726,
          0.0060503649897873405,
          0.007851235847920161,
          0.014526817863807068,
          0.0186891415156424,
          0.022525362297892558
        ],
        "conc_latency_p95_list": [
          0.004449965222738681,
          0.004766305955126879,
          0.006235672160983086,
          0.011401808424852791,
          0.014887633849866688,
          0.018678565975278616
        ],
        "conc_latency_avg_list": [
          0.002741420014303389,
          0.002931117033979589,
          0.0037693898054794706,
          0.006291876662483108,
          0.009311983302361063,
          0.01240520104481288
        ],
        "payload_profile": "ids_only",
        "payload_estimated_bytes_per_query": 2000,
        "inserted_count": 100000,
        "insert_rows_per_second": 0.0,
        "insert_completion_seconds": 0.0,
        "searchable_after_insert_seconds": 0.0,
        "indexed_after_searchable_seconds": 0.0,
        "additional_parameters": {
          "num_per_batch": 1000,
          "load_concurrency": 0,
          "fts_manifest": {
            "bm25": {
              "k1": 1.2,
              "b": 0.75,
              "avgdl": 56.88413
            },
            "analyzer": {
              "filter": [
                "lowercase"
              ],
              "tokenizer": "standard"
            }
          },
          "applied_bm25_params": {
            "k1": 1.2,
            "b": 0.75
          },
          "unapplied_bm25_params": {
            "avgdl": 56.88413
          },
          "applied_analyzer_params": {},
          "unapplied_analyzer_params": {
            "filter": [
              "lowercase"
            ],
            "tokenizer": "standard"
          }
        },
        "st_ideal_insert_duration": 0,
        "st_search_stage_list": [],
        "st_search_time_list": [],
        "st_max_qps_list_list": [],
        "st_recall_list": [],
        "st_ndcg_list": [],
        "st_serial_latency_p99_list": [],
        "st_serial_latency_p95_list": [],
        "st_conc_failed_rate_list": [],
        "st_conc_num_list_list": [],
        "st_conc_qps_list_list": [],
        "st_conc_latency_p99_list_list": [],
        "st_conc_latency_p95_list_list": [],
        "st_conc_latency_avg_list_list": []
      },
      "task_config": {
        "db": "ElasticCloud",
        "db_config": {
          "db_label": "2026-06-22T17:52:11.555610",
          "version": "",
          "note": "",
          "cloud_id": null,
          "scheme": "http",
          "host": "**********",
          "port": 9200,
          "user": "elastic",
          "user_name": null,
          "password": "**********",
          "use_ssl": false,
          "verify_certs": true
        },
        "db_case_config": {
          "number_of_shards": 1,
          "number_of_replicas": 0,
          "refresh_interval": "30s",
          "use_force_merge": true,
          "metric_type": "BM25",
          "bm25_k1": 1.2,
          "bm25_b": 0.75
        },
        "case_config": {
          "case_id": 503,
          "custom_case": {
            "dataset_with_size_type": "HotpotQA Small (100K documents)",
            "payload_profile": "ids_only"
          },
          "k": 100,
          "concurrency_search_config": {
            "num_concurrency": [
              1,
              10,
              20,
              40,
              60,
              80
            ],
            "concurrency_duration": 30,
            "concurrency_timeout": 3600
          }
        },
        "stages": [
          "drop_old",
          "load",
          "search_serial",
          "search_concurrent"
        ],
        "load_concurrency": 0
      },
      "label": ":)"
    }
  ],
  "file_fmt": "result_{}_{}_{}.json",
  "timestamp": 1782086400.0
}
