{
  "run_id": "5735361c6650421e90658857c4c13195",
  "task_label": "fts-elastic-msmarco-medium-text-20260622T173027Z",
  "results": [
    {
      "metrics": {
        "max_load_count": 0,
        "insert_duration": 0.0,
        "optimize_duration": 0.0,
        "load_duration": 0.0,
        "qps": 3456.4943,
        "serial_latency_p99": 0.011,
        "serial_latency_p95": 0.0084,
        "recall": 0.9366,
        "ndcg": 0.0,
        "conc_num_list": [
          1,
          10,
          20,
          40,
          60,
          80
        ],
        "conc_qps_list": [
          198.0113,
          1940.5028,
          3033.304,
          3433.7075,
          3449.1415,
          3456.4943
        ],
        "conc_latency_p99_list": [
          0.011011536512523895,
          0.01111149666830897,
          0.013923161011189225,
          0.02527867112308739,
          0.032332242769189196,
          0.04073371596634388
        ],
        "conc_latency_p95_list": [
          0.008268379606306553,
          0.008381100837141275,
          0.010835564322769642,
          0.019414746761322012,
          0.026541970833204687,
          0.03559057908132672
        ],
        "conc_latency_avg_list": [
          0.005049007431524176,
          0.0051503777899021014,
          0.006588570365574503,
          0.011637992845821737,
          0.017377055651971937,
          0.023113603003001984
        ],
        "payload_profile": "text",
        "payload_estimated_bytes_per_query": 53200,
        "inserted_count": 0,
        "insert_rows_per_second": 0.0,
        "insert_completion_seconds": 0.0,
        "searchable_after_insert_seconds": 0.0,
        "indexed_after_searchable_seconds": 0.0,
        "additional_parameters": {
          "fts_manifest": {
            "bm25": {
              "k1": 1.2,
              "b": 0.75,
              "avgdl": 57.242324
            },
            "analyzer": {
              "filter": [
                "lowercase"
              ],
              "tokenizer": "standard"
            }
          },
          "applied_bm25_params": {
            "k1": 1.2,
            "b": 0.75
          },
          "unapplied_bm25_params": {
            "avgdl": 57.242324
          },
          "applied_analyzer_params": {},
          "unapplied_analyzer_params": {
            "filter": [
              "lowercase"
            ],
            "tokenizer": "standard"
          }
        },
        "st_ideal_insert_duration": 0,
        "st_search_stage_list": [],
        "st_search_time_list": [],
        "st_max_qps_list_list": [],
        "st_recall_list": [],
        "st_ndcg_list": [],
        "st_serial_latency_p99_list": [],
        "st_serial_latency_p95_list": [],
        "st_conc_failed_rate_list": [],
        "st_conc_num_list_list": [],
        "st_conc_qps_list_list": [],
        "st_conc_latency_p99_list_list": [],
        "st_conc_latency_p95_list_list": [],
        "st_conc_latency_avg_list_list": []
      },
      "task_config": {
        "db": "ElasticCloud",
        "db_config": {
          "db_label": "2026-06-22T17:30:28.459410",
          "version": "",
          "note": "",
          "cloud_id": null,
          "scheme": "http",
          "host": "**********",
          "port": 9200,
          "user": "elastic",
          "user_name": null,
          "password": "**********",
          "use_ssl": false,
          "verify_certs": true
        },
        "db_case_config": {
          "number_of_shards": 1,
          "number_of_replicas": 0,
          "refresh_interval": "30s",
          "use_force_merge": true,
          "metric_type": "BM25",
          "bm25_k1": 1.2,
          "bm25_b": 0.75
        },
        "case_config": {
          "case_id": 503,
          "custom_case": {
            "dataset_with_size_type": "MS MARCO Medium (1M documents)",
            "payload_profile": "text"
          },
          "k": 100,
          "concurrency_search_config": {
            "num_concurrency": [
              1,
              10,
              20,
              40,
              60,
              80
            ],
            "concurrency_duration": 30,
            "concurrency_timeout": 3600
          }
        },
        "stages": [
          "search_serial",
          "search_concurrent"
        ],
        "load_concurrency": 0
      },
      "label": ":)"
    }
  ],
  "file_fmt": "result_{}_{}_{}.json",
  "timestamp": 1782086400.0
}
