{
  "run_id": "766f7723f51b4988a739e3b90fcc6ab1",
  "task_label": "fts-msmarco-large-elastic-text-c1-10-20-40-60-80-r7i-20260604T113624Z",
  "results": [
    {
      "metrics": {
        "max_load_count": 0,
        "insert_duration": 875.9212,
        "optimize_duration": 90.5948,
        "load_duration": 966.516,
        "qps": 952.0335,
        "serial_latency_p99": 0.0432,
        "serial_latency_p95": 0.0278,
        "recall": 0.623,
        "ndcg": 0.2733,
        "mrr": 0.1862,
        "conc_num_list": [
          1,
          10,
          20,
          40,
          60,
          80
        ],
        "conc_qps_list": [
          11.7464,
          311.8365,
          942.3865,
          952.0335,
          947.4759,
          921.7487
        ],
        "conc_latency_p99_list": [
          0.1524165342282504,
          0.25184050601441416,
          0.07511354933027174,
          0.13021686939173374,
          0.15445088653941624,
          0.18713985381647907
        ],
        "conc_latency_p95_list": [
          0.13638539360836144,
          0.1451541259884831,
          0.04893699267413466,
          0.08695207769051194,
          0.11110752949607558,
          0.13546445340616625
        ],
        "conc_latency_avg_list": [
          0.08512720923010714,
          0.0320381915119945,
          0.021191048713076116,
          0.04195426298854159,
          0.06319756741845456,
          0.08663188150946793
        ],
        "payload_profile": "text",
        "payload_estimated_bytes_per_query": 53200,
        "inserted_count": 0,
        "insert_rows_per_second": 0.0,
        "insert_completion_seconds": 0.0,
        "searchable_after_insert_seconds": 0.0,
        "indexed_after_searchable_seconds": 0.0,
        "additional_parameters": {},
        "st_ideal_insert_duration": 0,
        "st_search_stage_list": [],
        "st_search_time_list": [],
        "st_max_qps_list_list": [],
        "st_recall_list": [],
        "st_ndcg_list": [],
        "st_serial_latency_p99_list": [],
        "st_serial_latency_p95_list": [],
        "st_conc_failed_rate_list": [],
        "st_conc_num_list_list": [],
        "st_conc_qps_list_list": [],
        "st_conc_latency_p99_list_list": [],
        "st_conc_latency_p95_list_list": [],
        "st_conc_latency_avg_list_list": []
      },
      "task_config": {
        "db": "ElasticCloud",
        "db_config": {
          "db_label": "2026-06-04T22:03:14.812034",
          "version": "",
          "note": "",
          "cloud_id": null,
          "host": "**********",
          "port": 9200,
          "user_name": null,
          "password": null,
          "use_ssl": false,
          "verify_certs": true
        },
        "db_case_config": {
          "number_of_shards": 1,
          "number_of_replicas": 0,
          "refresh_interval": "30s",
          "use_force_merge": true
        },
        "case_config": {
          "case_id": 503,
          "custom_case": {
            "dataset_with_size_type": "MS MARCO Large (8.8M documents)",
            "payload_profile": "text"
          },
          "k": 100,
          "concurrency_search_config": {
            "num_concurrency": [
              1,
              10,
              20,
              40,
              60,
              80
            ],
            "concurrency_duration": 30,
            "concurrency_timeout": 3600
          }
        },
        "stages": [
          "drop_old",
          "load",
          "search_serial",
          "search_concurrent"
        ],
        "load_concurrency": 0
      },
      "label": ":)"
    }
  ],
  "file_fmt": "result_{}_{}_{}.json",
  "timestamp": 1780531200.0
}
