{
  "run_id": "246d5d3f0b9c41328d38849e32863aec",
  "task_label": "fts-msmarco-large-elastic-ids-c1-10-20-40-60-80-r7i-20260604T113624Z",
  "results": [
    {
      "metrics": {
        "max_load_count": 0,
        "insert_duration": 871.4862,
        "optimize_duration": 120.4422,
        "load_duration": 991.9284,
        "qps": 1279.2869,
        "serial_latency_p99": 0.0389,
        "serial_latency_p95": 0.0243,
        "recall": 0.623,
        "ndcg": 0.2733,
        "mrr": 0.1862,
        "conc_num_list": [
          1,
          10,
          20,
          40,
          60,
          80
        ],
        "conc_qps_list": [
          92.4571,
          899.7783,
          1217.7168,
          1279.2869,
          1240.2423,
          1202.4733
        ],
        "conc_latency_p99_list": [
          0.04434325546957552,
          0.04943194023799167,
          0.06982726426911547,
          0.11782848620205183,
          0.13815137404482805,
          0.15960431190324026
        ],
        "conc_latency_p95_list": [
          0.027453234710264948,
          0.030234081833623343,
          0.04368748698034323,
          0.07288630745606495,
          0.0933912975946441,
          0.11163589587667966
        ],
        "conc_latency_avg_list": [
          0.010814508952575762,
          0.01110783108178134,
          0.016387021773449195,
          0.03123101106412645,
          0.048317111711307766,
          0.06640016459742616
        ],
        "payload_profile": "ids_only",
        "payload_estimated_bytes_per_query": 2000,
        "inserted_count": 0,
        "insert_rows_per_second": 0.0,
        "insert_completion_seconds": 0.0,
        "searchable_after_insert_seconds": 0.0,
        "indexed_after_searchable_seconds": 0.0,
        "additional_parameters": {},
        "st_ideal_insert_duration": 0,
        "st_search_stage_list": [],
        "st_search_time_list": [],
        "st_max_qps_list_list": [],
        "st_recall_list": [],
        "st_ndcg_list": [],
        "st_serial_latency_p99_list": [],
        "st_serial_latency_p95_list": [],
        "st_conc_failed_rate_list": [],
        "st_conc_num_list_list": [],
        "st_conc_qps_list_list": [],
        "st_conc_latency_p99_list_list": [],
        "st_conc_latency_p95_list_list": [],
        "st_conc_latency_avg_list_list": []
      },
      "task_config": {
        "db": "ElasticCloud",
        "db_config": {
          "db_label": "2026-06-04T21:41:37.973003",
          "version": "",
          "note": "",
          "cloud_id": null,
          "host": "**********",
          "port": 9200,
          "user_name": null,
          "password": null,
          "use_ssl": false,
          "verify_certs": true
        },
        "db_case_config": {
          "number_of_shards": 1,
          "number_of_replicas": 0,
          "refresh_interval": "30s",
          "use_force_merge": true
        },
        "case_config": {
          "case_id": 503,
          "custom_case": {
            "dataset_with_size_type": "MS MARCO Large (8.8M documents)",
            "payload_profile": "ids_only"
          },
          "k": 100,
          "concurrency_search_config": {
            "num_concurrency": [
              1,
              10,
              20,
              40,
              60,
              80
            ],
            "concurrency_duration": 30,
            "concurrency_timeout": 3600
          }
        },
        "stages": [
          "drop_old",
          "load",
          "search_serial",
          "search_concurrent"
        ],
        "load_concurrency": 0
      },
      "label": ":)"
    }
  ],
  "file_fmt": "result_{}_{}_{}.json",
  "timestamp": 1780531200.0
}
