{
  "run_id": "0b0d8ec3e22c4a378ec4edfabf947c0e",
  "task_label": "fts-msmarco-medium-elastic-text-c1-10-20-40-60-80-r7i-20260604T041648Z",
  "results": [
    {
      "metrics": {
        "max_load_count": 0,
        "insert_duration": 109.5541,
        "optimize_duration": 30.1122,
        "load_duration": 139.6663,
        "qps": 2696.5048,
        "serial_latency_p99": 0.0101,
        "serial_latency_p95": 0.0079,
        "recall": 0.8028,
        "ndcg": 0.5222,
        "mrr": 0.4526,
        "conc_num_list": [
          1,
          10,
          20,
          40,
          60,
          80
        ],
        "conc_qps_list": [
          178.1539,
          1787.4005,
          2605.4203,
          2688.4985,
          2680.9282,
          2696.5048
        ],
        "conc_latency_p99_list": [
          0.011342850181972614,
          0.012324996525421739,
          0.017428740514442317,
          0.04272434955462844,
          0.05398970527690819,
          0.06342533169779926
        ],
        "conc_latency_p95_list": [
          0.008632644749013707,
          0.00925932452082634,
          0.01311782062985003,
          0.03236458438332193,
          0.043005118274595584,
          0.049512792710447694
        ],
        "conc_latency_avg_list": [
          0.005611891515392376,
          0.005591247406652962,
          0.007669535929887187,
          0.014864751072704022,
          0.022351030159157736,
          0.029620256027918027
        ],
        "payload_profile": "text",
        "payload_estimated_bytes_per_query": 53200,
        "inserted_count": 0,
        "insert_rows_per_second": 0.0,
        "insert_completion_seconds": 0.0,
        "searchable_after_insert_seconds": 0.0,
        "indexed_after_searchable_seconds": 0.0,
        "additional_parameters": {},
        "st_ideal_insert_duration": 0,
        "st_search_stage_list": [],
        "st_search_time_list": [],
        "st_max_qps_list_list": [],
        "st_recall_list": [],
        "st_ndcg_list": [],
        "st_serial_latency_p99_list": [],
        "st_serial_latency_p95_list": [],
        "st_conc_failed_rate_list": [],
        "st_conc_num_list_list": [],
        "st_conc_qps_list_list": [],
        "st_conc_latency_p99_list_list": [],
        "st_conc_latency_p95_list_list": [],
        "st_conc_latency_avg_list_list": []
      },
      "task_config": {
        "db": "ElasticCloud",
        "db_config": {
          "db_label": "2026-06-04T05:41:44.252899",
          "version": "",
          "note": "",
          "cloud_id": null,
          "host": "**********",
          "port": 9200,
          "user_name": null,
          "password": null,
          "use_ssl": false,
          "verify_certs": true
        },
        "db_case_config": {
          "number_of_shards": 1,
          "number_of_replicas": 0,
          "refresh_interval": "30s",
          "use_force_merge": true
        },
        "case_config": {
          "case_id": 503,
          "custom_case": {
            "dataset_with_size_type": "MS MARCO Medium (1M documents)",
            "payload_profile": "text"
          },
          "k": 100,
          "concurrency_search_config": {
            "num_concurrency": [
              1,
              10,
              20,
              40,
              60,
              80
            ],
            "concurrency_duration": 30,
            "concurrency_timeout": 3600
          }
        },
        "stages": [
          "drop_old",
          "load",
          "search_serial",
          "search_concurrent"
        ],
        "load_concurrency": 0
      },
      "label": ":)"
    }
  ],
  "file_fmt": "result_{}_{}_{}.json",
  "timestamp": 1780531200.0
}
