{
  "run_id": "7ae8981fd199438b9393a2656f3e00e8",
  "task_label": "fts-e2e-elastic-msmarco-small-text-r7i",
  "results": [
    {
      "metrics": {
        "max_load_count": 0,
        "insert_duration": 27.7095,
        "optimize_duration": 30.0957,
        "load_duration": 57.8052,
        "qps": 4177.1357,
        "serial_latency_p99": 0.0051,
        "serial_latency_p95": 0.0046,
        "recall": 0.9118,
        "ndcg": 0.7159,
        "mrr": 0.6665,
        "conc_num_list": [
          1,
          10,
          20,
          40,
          60,
          80
        ],
        "conc_qps_list": [
          242.0833,
          2599.9459,
          3941.7042,
          4158.8964,
          4177.1357,
          4155.8592
        ],
        "conc_latency_p99_list": [
          0.005944003681652247,
          0.005908927663695074,
          0.008787789170164624,
          0.028034801842877644,
          0.04054161106934771,
          0.04662265919148921
        ],
        "conc_latency_p95_list": [
          0.004912591777974739,
          0.004956510936608538,
          0.007301317795645445,
          0.01996149246697313,
          0.030140374100301414,
          0.036685528769157816
        ],
        "conc_latency_avg_list": [
          0.004129623535317025,
          0.003843659171288317,
          0.005069314817876805,
          0.009607610711271385,
          0.014341954966650522,
          0.01921385284839191
        ],
        "payload_profile": "text",
        "payload_estimated_bytes_per_query": 53200,
        "inserted_count": 0,
        "insert_rows_per_second": 0.0,
        "insert_completion_seconds": 0.0,
        "searchable_after_insert_seconds": 0.0,
        "indexed_after_searchable_seconds": 0.0,
        "additional_parameters": {},
        "st_ideal_insert_duration": 0,
        "st_search_stage_list": [],
        "st_search_time_list": [],
        "st_max_qps_list_list": [],
        "st_recall_list": [],
        "st_ndcg_list": [],
        "st_serial_latency_p99_list": [],
        "st_serial_latency_p95_list": [],
        "st_conc_failed_rate_list": [],
        "st_conc_num_list_list": [],
        "st_conc_qps_list_list": [],
        "st_conc_latency_p99_list_list": [],
        "st_conc_latency_p95_list_list": [],
        "st_conc_latency_avg_list_list": []
      },
      "task_config": {
        "db": "ElasticCloud",
        "db_config": {
          "db_label": "2026-06-03T04:00:24.135196",
          "version": "",
          "note": "",
          "cloud_id": null,
          "host": "**********",
          "port": 9200,
          "user_name": null,
          "password": null,
          "use_ssl": false,
          "verify_certs": true
        },
        "db_case_config": {
          "number_of_shards": 1,
          "number_of_replicas": 0,
          "refresh_interval": "30s",
          "use_force_merge": true
        },
        "case_config": {
          "case_id": 503,
          "custom_case": {
            "dataset_with_size_type": "MS MARCO Small (100K documents)",
            "payload_profile": "text"
          },
          "k": 100,
          "concurrency_search_config": {
            "num_concurrency": [
              1,
              10,
              20,
              40,
              60,
              80
            ],
            "concurrency_duration": 30,
            "concurrency_timeout": 3600
          }
        },
        "stages": [
          "drop_old",
          "load",
          "search_serial",
          "search_concurrent"
        ],
        "load_concurrency": 0
      },
      "label": ":)"
    }
  ],
  "file_fmt": "result_{}_{}_{}.json",
  "timestamp": 1780444800.0
}
