{
  "run_id": "6d1502e8a9714dccb5cf3d92ae4009d2",
  "task_label": "fts-msmarco-medium-elastic-ids-c1-10-20-40-60-80-r7i-20260604T041648Z",
  "results": [
    {
      "metrics": {
        "max_load_count": 0,
        "insert_duration": 110.0396,
        "optimize_duration": 30.1147,
        "load_duration": 140.1544,
        "qps": 4473.8674,
        "serial_latency_p99": 0.0086,
        "serial_latency_p95": 0.0063,
        "recall": 0.8028,
        "ndcg": 0.5222,
        "mrr": 0.4526,
        "conc_num_list": [
          1,
          10,
          20,
          40,
          60,
          80
        ],
        "conc_qps_list": [
          260.636,
          2883.9739,
          4166.786,
          4405.5505,
          4473.8674,
          4458.2345
        ],
        "conc_latency_p99_list": [
          0.009238645310979326,
          0.010216059448430306,
          0.013801093432120982,
          0.0316820693295449,
          0.04212562756380067,
          0.04732494332711213
        ],
        "conc_latency_p95_list": [
          0.006753803661558773,
          0.007092506508342922,
          0.00979780507041141,
          0.02199828615412116,
          0.031065863324329247,
          0.03669194724643603
        ],
        "conc_latency_avg_list": [
          0.0038356755733611465,
          0.0034651539617123737,
          0.004795616429569899,
          0.009069115117677804,
          0.01338960854080555,
          0.01791373611708352
        ],
        "payload_profile": "ids_only",
        "payload_estimated_bytes_per_query": 2000,
        "inserted_count": 0,
        "insert_rows_per_second": 0.0,
        "insert_completion_seconds": 0.0,
        "searchable_after_insert_seconds": 0.0,
        "indexed_after_searchable_seconds": 0.0,
        "additional_parameters": {},
        "st_ideal_insert_duration": 0,
        "st_search_stage_list": [],
        "st_search_time_list": [],
        "st_max_qps_list_list": [],
        "st_recall_list": [],
        "st_ndcg_list": [],
        "st_serial_latency_p99_list": [],
        "st_serial_latency_p95_list": [],
        "st_conc_failed_rate_list": [],
        "st_conc_num_list_list": [],
        "st_conc_qps_list_list": [],
        "st_conc_latency_p99_list_list": [],
        "st_conc_latency_p95_list_list": [],
        "st_conc_latency_avg_list_list": []
      },
      "task_config": {
        "db": "ElasticCloud",
        "db_config": {
          "db_label": "2026-06-04T05:34:45.558589",
          "version": "",
          "note": "",
          "cloud_id": null,
          "host": "**********",
          "port": 9200,
          "user_name": null,
          "password": null,
          "use_ssl": false,
          "verify_certs": true
        },
        "db_case_config": {
          "number_of_shards": 1,
          "number_of_replicas": 0,
          "refresh_interval": "30s",
          "use_force_merge": true
        },
        "case_config": {
          "case_id": 503,
          "custom_case": {
            "dataset_with_size_type": "MS MARCO Medium (1M documents)",
            "payload_profile": "ids_only"
          },
          "k": 100,
          "concurrency_search_config": {
            "num_concurrency": [
              1,
              10,
              20,
              40,
              60,
              80
            ],
            "concurrency_duration": 30,
            "concurrency_timeout": 3600
          }
        },
        "stages": [
          "drop_old",
          "load",
          "search_serial",
          "search_concurrent"
        ],
        "load_concurrency": 0
      },
      "label": ":)"
    }
  ],
  "file_fmt": "result_{}_{}_{}.json",
  "timestamp": 1780531200.0
}
