{
  "run_id": "045a52786e904230b6cfc6140b603d92",
  "task_label": "fts-vespa-msmarco-medium-ids_only-20260622T184534Z",
  "results": [
    {
      "metrics": {
        "max_load_count": 0,
        "insert_duration": 299.9679,
        "optimize_duration": 0.0,
        "load_duration": 299.968,
        "qps": 317.5281,
        "serial_latency_p99": 0.1396,
        "serial_latency_p95": 0.1061,
        "recall": 0.9776,
        "ndcg": 0.0,
        "conc_num_list": [
          1,
          10,
          20,
          40,
          60,
          80
        ],
        "conc_qps_list": [
          17.3262,
          193.3113,
          298.8967,
          311.5203,
          303.5014,
          317.5281
        ],
        "conc_latency_p99_list": [
          0.14583056075032752,
          0.13707477040588859,
          0.18777107212692495,
          0.35407259650062683,
          0.4484963387809695,
          0.4612226397776976
        ],
        "conc_latency_p95_list": [
          0.11157830809243023,
          0.10356776677072047,
          0.1377767294179648,
          0.2800252571236342,
          0.4131680995225905,
          0.45248237675987185
        ],
        "conc_latency_avg_list": [
          0.0577126414130012,
          0.05163609537961868,
          0.0667519492197438,
          0.128049226002607,
          0.1969584420530163,
          0.2509886348160603
        ],
        "payload_profile": "ids_only",
        "payload_estimated_bytes_per_query": 2000,
        "inserted_count": 1000000,
        "insert_rows_per_second": 0.0,
        "insert_completion_seconds": 0.0,
        "searchable_after_insert_seconds": 0.0,
        "indexed_after_searchable_seconds": 0.0,
        "additional_parameters": {
          "num_per_batch": 1000,
          "load_concurrency": 0,
          "fts_manifest": {
            "bm25": {
              "k1": 1.2,
              "b": 0.75,
              "avgdl": 57.242324
            },
            "analyzer": {
              "filter": [
                "lowercase"
              ],
              "tokenizer": "standard"
            }
          },
          "applied_bm25_params": {
            "k1": 1.2,
            "b": 0.75,
            "avgdl": 57.242324
          },
          "unapplied_bm25_params": {},
          "applied_analyzer_params": {},
          "unapplied_analyzer_params": {
            "filter": [
              "lowercase"
            ],
            "tokenizer": "standard"
          }
        },
        "st_ideal_insert_duration": 0,
        "st_search_stage_list": [],
        "st_search_time_list": [],
        "st_max_qps_list_list": [],
        "st_recall_list": [],
        "st_ndcg_list": [],
        "st_serial_latency_p99_list": [],
        "st_serial_latency_p95_list": [],
        "st_conc_failed_rate_list": [],
        "st_conc_num_list_list": [],
        "st_conc_qps_list_list": [],
        "st_conc_latency_p99_list_list": [],
        "st_conc_latency_p95_list_list": [],
        "st_conc_latency_avg_list_list": []
      },
      "task_config": {
        "db": "Vespa",
        "db_config": {
          "db_label": "",
          "version": "",
          "note": "",
          "url": "**********",
          "port": 8080
        },
        "db_case_config": {
          "metric_type": "BM25",
          "bm25_k1": 1.2,
          "bm25_b": 0.75,
          "bm25_avgdl": 57.242324
        },
        "case_config": {
          "case_id": 503,
          "custom_case": {
            "dataset_with_size_type": "MS MARCO Medium (1M documents)",
            "payload_profile": "ids_only"
          },
          "k": 100,
          "concurrency_search_config": {
            "num_concurrency": [
              1,
              10,
              20,
              40,
              60,
              80
            ],
            "concurrency_duration": 30,
            "concurrency_timeout": 3600
          }
        },
        "stages": [
          "drop_old",
          "load",
          "search_serial",
          "search_concurrent"
        ],
        "load_concurrency": 0
      },
      "label": ":)"
    }
  ],
  "file_fmt": "result_{}_{}_{}.json",
  "timestamp": 1782086400.0
}
