{
  "run_id": "c7c14be3a73148b2b7277cd5d60fc785",
  "task_label": "fts-vespa-msmarco-medium-text-20260622T190054Z",
  "results": [
    {
      "metrics": {
        "max_load_count": 0,
        "insert_duration": 0.0,
        "optimize_duration": 0.0,
        "load_duration": 0.0,
        "qps": 314.9621,
        "serial_latency_p99": 0.1417,
        "serial_latency_p95": 0.108,
        "recall": 0.9776,
        "ndcg": 0.0,
        "conc_num_list": [
          1,
          10,
          20,
          40,
          60,
          80
        ],
        "conc_qps_list": [
          15.9963,
          179.2582,
          300.2339,
          303.9628,
          290.6807,
          314.9621
        ],
        "conc_latency_p99_list": [
          0.14909001896157859,
          0.1471651640720665,
          0.17316451617516587,
          0.3698853839421646,
          0.4616390099003911,
          0.47067067784257216
        ],
        "conc_latency_p95_list": [
          0.12431645998731256,
          0.11451197601854801,
          0.13128592330031097,
          0.2817613647785038,
          0.43203539457172163,
          0.4596323742996901
        ],
        "conc_latency_avg_list": [
          0.06251062368664294,
          0.05568762391929295,
          0.06653489579828487,
          0.1311540851915024,
          0.20571942473728322,
          0.25282850077650376
        ],
        "payload_profile": "text",
        "payload_estimated_bytes_per_query": 53200,
        "inserted_count": 0,
        "insert_rows_per_second": 0.0,
        "insert_completion_seconds": 0.0,
        "searchable_after_insert_seconds": 0.0,
        "indexed_after_searchable_seconds": 0.0,
        "additional_parameters": {
          "fts_manifest": {
            "bm25": {
              "k1": 1.2,
              "b": 0.75,
              "avgdl": 57.242324
            },
            "analyzer": {
              "filter": [
                "lowercase"
              ],
              "tokenizer": "standard"
            }
          },
          "applied_bm25_params": {
            "k1": 1.2,
            "b": 0.75,
            "avgdl": 57.242324
          },
          "unapplied_bm25_params": {},
          "applied_analyzer_params": {},
          "unapplied_analyzer_params": {
            "filter": [
              "lowercase"
            ],
            "tokenizer": "standard"
          }
        },
        "st_ideal_insert_duration": 0,
        "st_search_stage_list": [],
        "st_search_time_list": [],
        "st_max_qps_list_list": [],
        "st_recall_list": [],
        "st_ndcg_list": [],
        "st_serial_latency_p99_list": [],
        "st_serial_latency_p95_list": [],
        "st_conc_failed_rate_list": [],
        "st_conc_num_list_list": [],
        "st_conc_qps_list_list": [],
        "st_conc_latency_p99_list_list": [],
        "st_conc_latency_p95_list_list": [],
        "st_conc_latency_avg_list_list": []
      },
      "task_config": {
        "db": "Vespa",
        "db_config": {
          "db_label": "",
          "version": "",
          "note": "",
          "url": "**********",
          "port": 8080
        },
        "db_case_config": {
          "metric_type": "BM25",
          "bm25_k1": 1.2,
          "bm25_b": 0.75,
          "bm25_avgdl": 57.242324
        },
        "case_config": {
          "case_id": 503,
          "custom_case": {
            "dataset_with_size_type": "MS MARCO Medium (1M documents)",
            "payload_profile": "text"
          },
          "k": 100,
          "concurrency_search_config": {
            "num_concurrency": [
              1,
              10,
              20,
              40,
              60,
              80
            ],
            "concurrency_duration": 30,
            "concurrency_timeout": 3600
          }
        },
        "stages": [
          "search_serial",
          "search_concurrent"
        ],
        "load_concurrency": 0
      },
      "label": ":)"
    }
  ],
  "file_fmt": "result_{}_{}_{}.json",
  "timestamp": 1782086400.0
}
