{
  "run_id": "794b5bb676814d3fa5ce0c03c46695ea",
  "task_label": "fts-matrix-vespa-msmarco-large-ids-mathgt-20260621T150656Z",
  "results": [
    {
      "metrics": {
        "max_load_count": 0,
        "insert_duration": 2011.2197,
        "optimize_duration": 0.0,
        "load_duration": 2011.2197,
        "qps": 194.8595,
        "serial_latency_p99": 0.4448,
        "serial_latency_p95": 0.4443,
        "recall": 0.6907,
        "ndcg": 0.0,
        "conc_num_list": [
          1,
          10,
          20,
          40,
          60,
          80
        ],
        "conc_qps_list": [
          2.8601,
          38.189,
          61.7164,
          108.3861,
          153.9399,
          194.8595
        ],
        "conc_latency_p99_list": [
          0.440682554282248,
          0.444490951965563,
          0.44956378066912295,
          0.4570176076423377,
          0.46506415272597224,
          0.46886691918596624
        ],
        "conc_latency_p95_list": [
          0.4404487146064639,
          0.44379256214015184,
          0.44749352228827777,
          0.4537057384382933,
          0.45989483350422233,
          0.4624471296556294
        ],
        "conc_latency_avg_list": [
          0.34962366884788393,
          0.26011026102172696,
          0.3215985462027877,
          0.36640494083152886,
          0.38682979229552256,
          0.407388100735862
        ],
        "payload_profile": "ids_only",
        "payload_estimated_bytes_per_query": 2000,
        "inserted_count": null,
        "insert_rows_per_second": 0.0,
        "insert_completion_seconds": 0.0,
        "searchable_after_insert_seconds": 0.0,
        "indexed_after_searchable_seconds": 0.0,
        "additional_parameters": {},
        "st_ideal_insert_duration": 0,
        "st_search_stage_list": [],
        "st_search_time_list": [],
        "st_max_qps_list_list": [],
        "st_recall_list": [],
        "st_ndcg_list": [],
        "st_serial_latency_p99_list": [],
        "st_serial_latency_p95_list": [],
        "st_conc_failed_rate_list": [],
        "st_conc_num_list_list": [],
        "st_conc_qps_list_list": [],
        "st_conc_latency_p99_list_list": [],
        "st_conc_latency_p95_list_list": [],
        "st_conc_latency_avg_list_list": []
      },
      "task_config": {
        "db": "Vespa",
        "db_config": {
          "db_label": "",
          "version": "",
          "note": "",
          "url": "**********",
          "port": 8080
        },
        "db_case_config": {
          "metric_type": "BM25"
        },
        "case_config": {
          "case_id": 503,
          "custom_case": {
            "dataset_with_size_type": "MS MARCO Large (8.8M documents)",
            "payload_profile": "ids_only"
          },
          "k": 100,
          "concurrency_search_config": {
            "num_concurrency": [
              1,
              10,
              20,
              40,
              60,
              80
            ],
            "concurrency_duration": 30,
            "concurrency_timeout": 3600
          }
        },
        "stages": [
          "drop_old",
          "load",
          "search_serial",
          "search_concurrent"
        ],
        "load_concurrency": 0
      },
      "label": ":)"
    }
  ],
  "file_fmt": "result_{}_{}_{}.json",
  "timestamp": 1782000000.0
}
