{
  "run_id": "6bbf985f18364a3eb4446fcafe6e9ffd",
  "task_label": "fts-vespa-msmarco-large-text-20260622T203351Z",
  "results": [
    {
      "metrics": {
        "max_load_count": 0,
        "insert_duration": 0.0,
        "optimize_duration": 0.0,
        "load_duration": 0.0,
        "qps": 190.0391,
        "serial_latency_p99": 0.4514,
        "serial_latency_p95": 0.4502,
        "recall": 0.8878,
        "ndcg": 0.0,
        "conc_num_list": [
          1,
          10,
          20,
          40,
          60,
          80
        ],
        "conc_qps_list": [
          2.5229,
          26.3357,
          60.6249,
          105.048,
          149.1576,
          190.0391
        ],
        "conc_latency_p99_list": [
          0.5034164488315582,
          0.5024640644900501,
          0.47431482838001104,
          0.48518498515244574,
          0.4977110484382138,
          0.4993739989958703
        ],
        "conc_latency_p95_list": [
          0.5028003938496113,
          0.5018062537536025,
          0.4695082543650642,
          0.47585151966195555,
          0.48736602934077383,
          0.4855008477345109
        ],
        "conc_latency_avg_list": [
          0.3963547141879405,
          0.3498750331565046,
          0.32758249672702094,
          0.37782818965483955,
          0.39616538266420037,
          0.41613450537620045
        ],
        "payload_profile": "text",
        "payload_estimated_bytes_per_query": 53200,
        "inserted_count": 0,
        "insert_rows_per_second": 0.0,
        "insert_completion_seconds": 0.0,
        "searchable_after_insert_seconds": 0.0,
        "indexed_after_searchable_seconds": 0.0,
        "additional_parameters": {
          "fts_manifest": {
            "bm25": {
              "k1": 1.2,
              "b": 0.75,
              "avgdl": 57.83363736188793
            },
            "analyzer": {
              "filter": [
                "lowercase"
              ],
              "tokenizer": "standard"
            }
          },
          "applied_bm25_params": {
            "k1": 1.2,
            "b": 0.75,
            "avgdl": 57.83363736188793
          },
          "unapplied_bm25_params": {},
          "applied_analyzer_params": {},
          "unapplied_analyzer_params": {
            "filter": [
              "lowercase"
            ],
            "tokenizer": "standard"
          }
        },
        "st_ideal_insert_duration": 0,
        "st_search_stage_list": [],
        "st_search_time_list": [],
        "st_max_qps_list_list": [],
        "st_recall_list": [],
        "st_ndcg_list": [],
        "st_serial_latency_p99_list": [],
        "st_serial_latency_p95_list": [],
        "st_conc_failed_rate_list": [],
        "st_conc_num_list_list": [],
        "st_conc_qps_list_list": [],
        "st_conc_latency_p99_list_list": [],
        "st_conc_latency_p95_list_list": [],
        "st_conc_latency_avg_list_list": []
      },
      "task_config": {
        "db": "Vespa",
        "db_config": {
          "db_label": "",
          "version": "",
          "note": "",
          "url": "**********",
          "port": 8080
        },
        "db_case_config": {
          "metric_type": "BM25",
          "bm25_k1": 1.2,
          "bm25_b": 0.75,
          "bm25_avgdl": 57.83363736188793
        },
        "case_config": {
          "case_id": 503,
          "custom_case": {
            "dataset_with_size_type": "MS MARCO Large (8.8M documents)",
            "payload_profile": "text"
          },
          "k": 100,
          "concurrency_search_config": {
            "num_concurrency": [
              1,
              10,
              20,
              40,
              60,
              80
            ],
            "concurrency_duration": 30,
            "concurrency_timeout": 3600
          }
        },
        "stages": [
          "search_serial",
          "search_concurrent"
        ],
        "load_concurrency": 0
      },
      "label": ":)"
    }
  ],
  "file_fmt": "result_{}_{}_{}.json",
  "timestamp": 1782086400.0
}
