{
  "run_id": "a0c5e798cbc24b99951ef8b5a8dd993a",
  "task_label": "fts-vespa-msmarco-small-ids_only-20260622T183223Z",
  "results": [
    {
      "metrics": {
        "max_load_count": 0,
        "insert_duration": 34.8056,
        "optimize_duration": 0.0,
        "load_duration": 34.8056,
        "qps": 785.5641,
        "serial_latency_p99": 0.0185,
        "serial_latency_p95": 0.0152,
        "recall": 0.9765,
        "ndcg": 0.0,
        "conc_num_list": [
          1,
          10,
          20,
          40,
          60,
          80
        ],
        "conc_qps_list": [
          103.6941,
          785.5641,
          473.1642,
          347.3908,
          505.7278,
          591.5786
        ],
        "conc_latency_p99_list": [
          0.019374485593289144,
          0.01898518593981861,
          0.022748802788555622,
          0.04359032770618796,
          0.06684923840686682,
          0.09117915333248663
        ],
        "conc_latency_p95_list": [
          0.016077534994110465,
          0.0155399065464735,
          0.017883842810988426,
          0.03481155682820826,
          0.05346071291714905,
          0.07155536185018718
        ],
        "conc_latency_avg_list": [
          0.009641909914804316,
          0.012209021413236936,
          0.0422568094348575,
          0.05606190341307861,
          0.07089271512902219,
          0.0682123329994042
        ],
        "payload_profile": "ids_only",
        "payload_estimated_bytes_per_query": 2000,
        "inserted_count": 100000,
        "insert_rows_per_second": 0.0,
        "insert_completion_seconds": 0.0,
        "searchable_after_insert_seconds": 0.0,
        "indexed_after_searchable_seconds": 0.0,
        "additional_parameters": {
          "num_per_batch": 1000,
          "load_concurrency": 0,
          "fts_manifest": {
            "bm25": {
              "k1": 1.2,
              "b": 0.75,
              "avgdl": 55.01342
            },
            "analyzer": {
              "filter": [
                "lowercase"
              ],
              "tokenizer": "standard"
            }
          },
          "applied_bm25_params": {
            "k1": 1.2,
            "b": 0.75,
            "avgdl": 55.01342
          },
          "unapplied_bm25_params": {},
          "applied_analyzer_params": {},
          "unapplied_analyzer_params": {
            "filter": [
              "lowercase"
            ],
            "tokenizer": "standard"
          }
        },
        "st_ideal_insert_duration": 0,
        "st_search_stage_list": [],
        "st_search_time_list": [],
        "st_max_qps_list_list": [],
        "st_recall_list": [],
        "st_ndcg_list": [],
        "st_serial_latency_p99_list": [],
        "st_serial_latency_p95_list": [],
        "st_conc_failed_rate_list": [],
        "st_conc_num_list_list": [],
        "st_conc_qps_list_list": [],
        "st_conc_latency_p99_list_list": [],
        "st_conc_latency_p95_list_list": [],
        "st_conc_latency_avg_list_list": []
      },
      "task_config": {
        "db": "Vespa",
        "db_config": {
          "db_label": "",
          "version": "",
          "note": "",
          "url": "**********",
          "port": 8080
        },
        "db_case_config": {
          "metric_type": "BM25",
          "bm25_k1": 1.2,
          "bm25_b": 0.75,
          "bm25_avgdl": 55.01342
        },
        "case_config": {
          "case_id": 503,
          "custom_case": {
            "dataset_with_size_type": "MS MARCO Small (100K documents)",
            "payload_profile": "ids_only"
          },
          "k": 100,
          "concurrency_search_config": {
            "num_concurrency": [
              1,
              10,
              20,
              40,
              60,
              80
            ],
            "concurrency_duration": 30,
            "concurrency_timeout": 3600
          }
        },
        "stages": [
          "drop_old",
          "load",
          "search_serial",
          "search_concurrent"
        ],
        "load_concurrency": 0
      },
      "label": ":)"
    }
  ],
  "file_fmt": "result_{}_{}_{}.json",
  "timestamp": 1782086400.0
}
