{
  "run_id": "fb41fb5e224b428f9d474ac4abe6ca90",
  "task_label": "fts-hotpotqa-medium-elastic-ids-c1-10-20-40-60-80-r7i-20260604T074646Z",
  "results": [
    {
      "metrics": {
        "max_load_count": 0,
        "insert_duration": 108.2873,
        "optimize_duration": 30.9383,
        "load_duration": 139.2256,
        "qps": 1581.7165,
        "serial_latency_p99": 0.0212,
        "serial_latency_p95": 0.015,
        "recall": 0.8378,
        "ndcg": 0.7287,
        "mrr": 0.8598,
        "conc_num_list": [
          1,
          10,
          20,
          40,
          60,
          80
        ],
        "conc_qps_list": [
          119.3122,
          1106.0982,
          1552.4142,
          1581.7165,
          1574.0491,
          1579.6451
        ],
        "conc_latency_p99_list": [
          0.02239561488386243,
          0.02642100442317315,
          0.036547728501027436,
          0.07106772869359704,
          0.08330755810835398,
          0.09706712080631405
        ],
        "conc_latency_p95_list": [
          0.015988616039976478,
          0.018228912324411792,
          0.025953943328931924,
          0.05131616685539479,
          0.06719474927522241,
          0.07714138960000128
        ],
        "conc_latency_avg_list": [
          0.00838008308934016,
          0.00903631959567744,
          0.012874548033960211,
          0.02526916618319994,
          0.03807464051749507,
          0.05057355387461068
        ],
        "payload_profile": "ids_only",
        "payload_estimated_bytes_per_query": 2000,
        "inserted_count": 0,
        "insert_rows_per_second": 0.0,
        "insert_completion_seconds": 0.0,
        "searchable_after_insert_seconds": 0.0,
        "indexed_after_searchable_seconds": 0.0,
        "additional_parameters": {},
        "st_ideal_insert_duration": 0,
        "st_search_stage_list": [],
        "st_search_time_list": [],
        "st_max_qps_list_list": [],
        "st_recall_list": [],
        "st_ndcg_list": [],
        "st_serial_latency_p99_list": [],
        "st_serial_latency_p95_list": [],
        "st_conc_failed_rate_list": [],
        "st_conc_num_list_list": [],
        "st_conc_qps_list_list": [],
        "st_conc_latency_p99_list_list": [],
        "st_conc_latency_p95_list_list": [],
        "st_conc_latency_avg_list_list": []
      },
      "task_config": {
        "db": "ElasticCloud",
        "db_config": {
          "db_label": "2026-06-04T09:05:09.908474",
          "version": "",
          "note": "",
          "cloud_id": null,
          "host": "**********",
          "port": 9200,
          "user_name": null,
          "password": null,
          "use_ssl": false,
          "verify_certs": true
        },
        "db_case_config": {
          "number_of_shards": 1,
          "number_of_replicas": 0,
          "refresh_interval": "30s",
          "use_force_merge": true
        },
        "case_config": {
          "case_id": 503,
          "custom_case": {
            "dataset_with_size_type": "HotpotQA Medium (1M documents)",
            "payload_profile": "ids_only"
          },
          "k": 100,
          "concurrency_search_config": {
            "num_concurrency": [
              1,
              10,
              20,
              40,
              60,
              80
            ],
            "concurrency_duration": 30,
            "concurrency_timeout": 3600
          }
        },
        "stages": [
          "drop_old",
          "load",
          "search_serial",
          "search_concurrent"
        ],
        "load_concurrency": 0
      },
      "label": ":)"
    }
  ],
  "file_fmt": "result_{}_{}_{}.json",
  "timestamp": 1780531200.0
}
