{
  "run_id": "5c7b10b5175c4e8fbce30b06a195c0da",
  "task_label": "fts-hotpotqa-medium-vespa-ids-c1-10-20-40-60-80-r7i-20260604T074646Z",
  "results": [
    {
      "metrics": {
        "max_load_count": 0,
        "insert_duration": 579.2518,
        "optimize_duration": 0.0,
        "load_duration": 579.2518,
        "qps": 181.524,
        "serial_latency_p99": 0.3223,
        "serial_latency_p95": 0.2628,
        "recall": 0.8309,
        "ndcg": 0.7208,
        "mrr": 0.85,
        "conc_num_list": [
          1,
          10,
          20,
          40,
          60,
          80
        ],
        "conc_qps_list": [
          6.6652,
          58.1128,
          81.3796,
          104.5544,
          140.9124,
          181.524
        ],
        "conc_latency_p99_list": [
          0.268200988258468,
          0.35067940430832095,
          0.4313313605787698,
          0.46651973660569634,
          0.47737741020158864,
          0.4790151009731926
        ],
        "conc_latency_p95_list": [
          0.2578625465685036,
          0.3109200001927092,
          0.41429400106426334,
          0.4555375834228471,
          0.4633620440901723,
          0.4659182793577202
        ],
        "conc_latency_avg_list": [
          0.15002568133175373,
          0.17159072722004623,
          0.24395409048082287,
          0.3804944433503248,
          0.42262559905241676,
          0.4363692592332505
        ],
        "payload_profile": "ids_only",
        "payload_estimated_bytes_per_query": 2000,
        "inserted_count": 0,
        "insert_rows_per_second": 0.0,
        "insert_completion_seconds": 0.0,
        "searchable_after_insert_seconds": 0.0,
        "indexed_after_searchable_seconds": 0.0,
        "additional_parameters": {},
        "st_ideal_insert_duration": 0,
        "st_search_stage_list": [],
        "st_search_time_list": [],
        "st_max_qps_list_list": [],
        "st_recall_list": [],
        "st_ndcg_list": [],
        "st_serial_latency_p99_list": [],
        "st_serial_latency_p95_list": [],
        "st_conc_failed_rate_list": [],
        "st_conc_num_list_list": [],
        "st_conc_qps_list_list": [],
        "st_conc_latency_p99_list_list": [],
        "st_conc_latency_p95_list_list": [],
        "st_conc_latency_avg_list_list": []
      },
      "task_config": {
        "db": "Vespa",
        "db_config": {
          "db_label": "",
          "version": "",
          "note": "",
          "url": "**********",
          "port": 8080
        },
        "db_case_config": {},
        "case_config": {
          "case_id": 503,
          "custom_case": {
            "dataset_with_size_type": "HotpotQA Medium (1M documents)",
            "payload_profile": "ids_only"
          },
          "k": 100,
          "concurrency_search_config": {
            "num_concurrency": [
              1,
              10,
              20,
              40,
              60,
              80
            ],
            "concurrency_duration": 30,
            "concurrency_timeout": 3600
          }
        },
        "stages": [
          "drop_old",
          "load",
          "search_serial",
          "search_concurrent"
        ],
        "load_concurrency": 0
      },
      "label": ":)"
    }
  ],
  "file_fmt": "result_{}_{}_{}.json",
  "timestamp": 1780531200.0
}
