{
  "run_id": "44e6050f9169471dbfaf2756918f3a67",
  "task_label": "turbopuffer-reuse-msmarco_large-text-c40-60-80-20260624T115616Z",
  "results": [
    {
      "metrics": {
        "max_load_count": 0,
        "insert_duration": 832.0622,
        "optimize_duration": 60.0494,
        "load_duration": 892.1117,
        "qps": 1302.7749,
        "serial_latency_p99": 0.0,
        "serial_latency_p95": 0.0,
        "recall": 0.0,
        "ndcg": 0.0,
        "conc_num_list": [
          40,
          60,
          80
        ],
        "conc_qps_list": [
          1302.7749,
          1164.7122,
          1273.9904
        ],
        "conc_latency_p99_list": [
          1.0048391348012942,
          1.0523817389193573,
          1.0604548653973325
        ],
        "conc_latency_p95_list": [
          0.03545594900060678,
          0.04788232199934996,
          0.04981473534498943
        ],
        "conc_latency_avg_list": [
          0.030413566662682186,
          0.0503768273187017,
          0.061305946983837616
        ],
        "payload_profile": "text",
        "payload_estimated_bytes_per_query": 53200,
        "inserted_count": 8841823,
        "insert_rows_per_second": 10626.3967,
        "insert_completion_seconds": 0.0,
        "searchable_after_insert_seconds": 0.0,
        "indexed_after_searchable_seconds": 0.0,
        "additional_parameters": {
          "fts_manifest": {
            "bm25": {
              "k1": 1.2,
              "b": 0.75,
              "avgdl": 57.83363736188793
            },
            "analyzer": {
              "filter": [
                "lowercase"
              ],
              "tokenizer": "standard"
            }
          },
          "applied_bm25_params": {},
          "unapplied_bm25_params": {
            "k1": 1.2,
            "b": 0.75,
            "avgdl": 57.83363736188793
          },
          "applied_analyzer_params": {},
          "unapplied_analyzer_params": {
            "filter": [
              "lowercase"
            ],
            "tokenizer": "standard"
          },
          "num_per_batch": 1000,
          "load_concurrency": 0,
          "load_metrics_source_result_json": "/home/ubuntu/bench-runs/turbopuffer_msmarco_large_c20_b1000_cli_sdkretry_20260624T094413Z/runtime_results/TurboPuffer/result_20260624_turbopuffer-msmarco-large-c20-b1000-sdkretry-20260624T094413Z_turbopuffer.json"
        },
        "st_ideal_insert_duration": 0,
        "st_search_stage_list": [],
        "st_search_time_list": [],
        "st_max_qps_list_list": [],
        "st_recall_list": [],
        "st_ndcg_list": [],
        "st_serial_latency_p99_list": [],
        "st_serial_latency_p95_list": [],
        "st_conc_failed_rate_list": [],
        "st_conc_num_list_list": [],
        "st_conc_qps_list_list": [],
        "st_conc_latency_p99_list_list": [],
        "st_conc_latency_p95_list_list": [],
        "st_conc_latency_avg_list_list": []
      },
      "task_config": {
        "db": "TurboPuffer",
        "db_config": {
          "db_label": "2026-06-24T12:33:35.259663",
          "version": "",
          "note": "",
          "api_key": "**********",
          "region": "aws-us-west-2",
          "api_base_url": null,
          "namespace": "vdbbench-fts-tpuf-msmarco-large-c20-b1000-sdkretry-20260624T094413Z",
          "multitenant_namespace_prefix": "vdbbench_mt_",
          "scalar_payload_label_field": "label",
          "pin_namespace": false,
          "pin_namespace_requested": false,
          "pin_replicas": 1,
          "pin_timeout": 2700,
          "pin_target_namespace_count": 0
        },
        "db_case_config": {
          "metric_type": "BM25",
          "time_wait_warmup": 60,
          "disable_backpressure": false
        },
        "case_config": {
          "case_id": 503,
          "custom_case": {
            "dataset_with_size_type": "MS MARCO Large (8.8M documents)",
            "payload_profile": "text"
          },
          "k": 100,
          "concurrency_search_config": {
            "num_concurrency": [
              40,
              60,
              80
            ],
            "concurrency_duration": 30,
            "concurrency_timeout": 3600
          }
        },
        "stages": [
          "search_concurrent"
        ],
        "load_concurrency": 0
      },
      "label": ":)"
    }
  ],
  "file_fmt": "result_{}_{}_{}.json",
  "timestamp": 1782259200.0
}
